序号,书名,时代,字符数,系统,词项,变体,独立Raw次数,最长优先次数,每百万字
01,史记,两汉史书层,640501,蛇—ta系统,他,他,144,144,224.82400495861833
01,史记,两汉史书层,640501,蛇—ta系统,她,她,0,0,0.0
01,史记,两汉史书层,640501,蛇—ta系统,它,它,4,4,6.245111248850509
01,史记,两汉史书层,640501,蛇—ta系统,蛇,蛇 / 虵,30,30,46.83833436637882
01,史记,两汉史书层,640501,蛇—ta系统,也,也,4545,4545,7096.007656506392
01,史记,两汉史书层,640501,蛇—ta系统,佗,佗,54,54,84.30900185948187
01,史记,两汉史书层,640501,蛇—ta系统,牠,牠,0,0,0.0
01,史记,两汉史书层,640501,蛇—ta系统,姐姊,姐 / 姊,57,57,88.99283529611975
01,史记,两汉史书层,640501,蛇—ta系统,巳,巳,29,29,45.27705655416619
01,史记,两汉史书层,640501,蛇—ta系统,虺,虺,0,0,0.0
01,史记,两汉史书层,640501,蛇—ta系统,螣蛇,螣蛇 / 腾蛇 / 騰蛇,1,1,1.5612778122126272
01,史记,两汉史书层,640501,蛇—ta系统,巴蛇,巴蛇,0,0,0.0
01,史记,两汉史书层,640501,蛇—ta系统,化蛇,化蛇,0,0,0.0
01,史记,两汉史书层,640501,蛇—ta系统,鸣蛇,鸣蛇 / 鳴蛇,0,0,0.0
01,史记,两汉史书层,640501,娲—娃—蛙系统,娲,娲 / 媧,1,1,1.5612778122126272
01,史记,两汉史书层,640501,娲—娃—蛙系统,女娲,女娲 / 女媧,0,0,0.0
01,史记,两汉史书层,640501,娲—娃—蛙系统,娃,娃,4,4,6.245111248850509
01,史记,两汉史书层,640501,娲—娃—蛙系统,女娃,女娃,1,1,1.5612778122126272
01,史记,两汉史书层,640501,娲—娃—蛙系统,蛙,蛙,0,0,0.0
01,史记,两汉史书层,640501,娲—娃—蛙系统,青蛙,青蛙,0,0,0.0
01,史记,两汉史书层,640501,娲—娃—蛙系统,黾,黾 / 黽,3,3,4.683833436637881
01,史记,两汉史书层,640501,娲—娃—蛙系统,精卫,精卫 / 精衛,0,0,0.0
01,史记,两汉史书层,640501,鸟—凤—风系统,鸟,鸟 / 鳥,82,82,128.02478060143542
01,史记,两汉史书层,640501,鸟—凤—风系统,凤,凤 / 鳳,20,20,31.225556244252548
01,史记,两汉史书层,640501,鸟—凤—风系统,凤凰,凤凰 / 鳳凰 / 凤皇 / 鳳皇,11,11,17.1740559343389
01,史记,两汉史书层,640501,鸟—凤—风系统,玄鸟,玄鸟 / 玄鳥,3,3,4.683833436637881
01,史记,两汉史书层,640501,鸟—凤—风系统,朱鸟朱雀,朱鸟 / 朱鳥 / 朱雀,1,1,1.5612778122126272
01,史记,两汉史书层,640501,鸟—凤—风系统,精卫,精卫 / 精衛,0,0,0.0
01,史记,两汉史书层,640501,鸟—凤—风系统,风,风 / 風,205,205,320.0619515035886
01,史记,两汉史书层,640501,鸟—凤—风系统,皇,皇,491,491,766.5874057963999
02,汉书,两汉史书层,937972,蛇—ta系统,他,他,52,52,55.438755101431596
02,汉书,两汉史书层,937972,蛇—ta系统,她,她,0,0,0.0
02,汉书,两汉史书层,937972,蛇—ta系统,它,它,147,147,156.72109615212395
02,汉书,两汉史书层,937972,蛇—ta系统,蛇,蛇 / 虵,55,55,58.63714481882189
02,汉书,两汉史书层,937972,蛇—ta系统,也,也,5603,5603,5973.525862179255
02,汉书,两汉史书层,937972,蛇—ta系统,佗,佗,55,55,58.63714481882189
02,汉书,两汉史书层,937972,蛇—ta系统,牠,牠,0,0,0.0
02,汉书,两汉史书层,937972,蛇—ta系统,姐姊,姐 / 姊,91,91,97.0178214275053
02,汉书,两汉史书层,937972,蛇—ta系统,巳,巳,74,74,78.89361302896035
02,汉书,两汉史书层,937972,蛇—ta系统,虺,虺,3,3,3.198389717390284
02,汉书,两汉史书层,937972,蛇—ta系统,螣蛇,螣蛇 / 腾蛇 / 騰蛇,0,0,0.0
02,汉书,两汉史书层,937972,蛇—ta系统,巴蛇,巴蛇,0,0,0.0
02,汉书,两汉史书层,937972,蛇—ta系统,化蛇,化蛇,0,0,0.0
02,汉书,两汉史书层,937972,蛇—ta系统,鸣蛇,鸣蛇 / 鳴蛇,0,0,0.0
02,汉书,两汉史书层,937972,娲—娃—蛙系统,娲,娲 / 媧,1,1,1.0661299057967615
02,汉书,两汉史书层,937972,娲—娃—蛙系统,女娲,女娲 / 女媧,0,0,0.0
02,汉书,两汉史书层,937972,娲—娃—蛙系统,娃,娃,1,1,1.0661299057967615
02,汉书,两汉史书层,937972,娲—娃—蛙系统,女娃,女娃,0,0,0.0
02,汉书,两汉史书层,937972,娲—娃—蛙系统,蛙,蛙,6,6,6.396779434780568
02,汉书,两汉史书层,937972,娲—娃—蛙系统,青蛙,青蛙,0,0,0.0
02,汉书,两汉史书层,937972,娲—娃—蛙系统,黾,黾 / 黽,12,12,12.793558869561137
02,汉书,两汉史书层,937972,娲—娃—蛙系统,精卫,精卫 / 精衛,0,0,0.0
02,汉书,两汉史书层,937972,鸟—凤—风系统,鸟,鸟 / 鳥,119,119,126.86945878981462
02,汉书,两汉史书层,937972,鸟—凤—风系统,凤,凤 / 鳳,296,296,315.5744521158414
02,汉书,两汉史书层,937972,鸟—凤—风系统,凤凰,凤凰 / 鳳凰 / 凤皇 / 鳳皇,36,36,38.380676608683416
02,汉书,两汉史书层,937972,鸟—凤—风系统,玄鸟,玄鸟 / 玄鳥,0,0,0.0
02,汉书,两汉史书层,937972,鸟—凤—风系统,朱鸟朱雀,朱鸟 / 朱鳥 / 朱雀,5,5,5.330649528983808
02,汉书,两汉史书层,937972,鸟—凤—风系统,精卫,精卫 / 精衛,0,0,0.0
02,汉书,两汉史书层,937972,鸟—凤—风系统,风,风 / 風,535,535,570.3794996012674
02,汉书,两汉史书层,937972,鸟—凤—风系统,皇,皇,1478,1478,1575.7400007676135
03,后汉书,两汉史书层,883521,蛇—ta系统,他,他,33,33,37.350555334847726
03,后汉书,两汉史书层,883521,蛇—ta系统,她,她,0,0,0.0
03,后汉书,两汉史书层,883521,蛇—ta系统,它,它,92,92,104.12882093351489
03,后汉书,两汉史书层,883521,蛇—ta系统,蛇,蛇 / 虵,50,50,56.59175050734505
03,后汉书,两汉史书层,883521,蛇—ta系统,也,也,3167,3167,3584.5214771352353
03,后汉书,两汉史书层,883521,蛇—ta系统,佗,佗,58,58,65.64643058852025
03,后汉书,两汉史书层,883521,蛇—ta系统,牠,牠,0,0,0.0
03,后汉书,两汉史书层,883521,蛇—ta系统,姐姊,姐 / 姊,54,54,61.11909054793264
03,后汉书,两汉史书层,883521,蛇—ta系统,巳,巳,168,168,190.14828170467933
03,后汉书,两汉史书层,883521,蛇—ta系统,虺,虺,6,6,6.791010060881405
03,后汉书,两汉史书层,883521,蛇—ta系统,螣蛇,螣蛇 / 腾蛇 / 騰蛇,2,2,2.2636700202938016
03,后汉书,两汉史书层,883521,蛇—ta系统,巴蛇,巴蛇,0,0,0.0
03,后汉书,两汉史书层,883521,蛇—ta系统,化蛇,化蛇,0,0,0.0
03,后汉书,两汉史书层,883521,蛇—ta系统,鸣蛇,鸣蛇 / 鳴蛇,0,0,0.0
03,后汉书,两汉史书层,883521,娲—娃—蛙系统,娲,娲 / 媧,0,0,0.0
03,后汉书,两汉史书层,883521,娲—娃—蛙系统,女娲,女娲 / 女媧,0,0,0.0
03,后汉书,两汉史书层,883521,娲—娃—蛙系统,娃,娃,0,0,0.0
03,后汉书,两汉史书层,883521,娲—娃—蛙系统,女娃,女娃,0,0,0.0
03,后汉书,两汉史书层,883521,娲—娃—蛙系统,蛙,蛙,3,3,3.3955050304407024
03,后汉书,两汉史书层,883521,娲—娃—蛙系统,青蛙,青蛙,0,0,0.0
03,后汉书,两汉史书层,883521,娲—娃—蛙系统,黾,黾 / 黽,11,11,12.450185111615909
03,后汉书,两汉史书层,883521,娲—娃—蛙系统,精卫,精卫 / 精衛,0,0,0.0
03,后汉书,两汉史书层,883521,鸟—凤—风系统,鸟,鸟 / 鳥,96,96,108.65616097410248
03,后汉书,两汉史书层,883521,鸟—凤—风系统,凤,凤 / 鳳,106,106,119.9745110755715
03,后汉书,两汉史书层,883521,鸟—凤—风系统,凤凰,凤凰 / 鳳凰 / 凤皇 / 鳳皇,21,21,23.768535213084917
03,后汉书,两汉史书层,883521,鸟—凤—风系统,玄鸟,玄鸟 / 玄鳥,1,1,1.1318350101469008
03,后汉书,两汉史书层,883521,鸟—凤—风系统,朱鸟朱雀,朱鸟 / 朱鳥 / 朱雀,6,6,6.791010060881405
03,后汉书,两汉史书层,883521,鸟—凤—风系统,精卫,精卫 / 精衛,0,0,0.0
03,后汉书,两汉史书层,883521,鸟—凤—风系统,风,风 / 風,590,590,667.7826559866714
03,后汉书,两汉史书层,883521,鸟—凤—风系统,皇,皇,1017,1017,1151.0762053193982
04,三国志,魏晋南北朝,854325,蛇—ta系统,他,他,171,171,200.15801948907034
04,三国志,魏晋南北朝,854325,蛇—ta系统,她,她,0,0,0.0
04,三国志,魏晋南北朝,854325,蛇—ta系统,它,它,1,1,1.1705147338542123
04,三国志,魏晋南北朝,854325,蛇—ta系统,蛇,蛇 / 虵,33,33,38.62698621718901
04,三国志,魏晋南北朝,854325,蛇—ta系统,也,也,5385,5385,6303.221841804933
04,三国志,魏晋南北朝,854325,蛇—ta系统,佗,佗,94,94,110.02838498229596
04,三国志,魏晋南北朝,854325,蛇—ta系统,牠,牠,0,0,0.0
04,三国志,魏晋南北朝,854325,蛇—ta系统,姐姊,姐 / 姊,38,38,44.479559886460066
04,三国志,魏晋南北朝,854325,蛇—ta系统,巳,巳,47,47,55.01419249114798
04,三国志,魏晋南北朝,854325,蛇—ta系统,虺,虺,2,2,2.3410294677084247
04,三国志,魏晋南北朝,854325,蛇—ta系统,螣蛇,螣蛇 / 腾蛇 / 騰蛇,0,0,0.0
04,三国志,魏晋南北朝,854325,蛇—ta系统,巴蛇,巴蛇,0,0,0.0
04,三国志,魏晋南北朝,854325,蛇—ta系统,化蛇,化蛇,0,0,0.0
04,三国志,魏晋南北朝,854325,蛇—ta系统,鸣蛇,鸣蛇 / 鳴蛇,0,0,0.0
04,三国志,魏晋南北朝,854325,娲—娃—蛙系统,娲,娲 / 媧,0,0,0.0
04,三国志,魏晋南北朝,854325,娲—娃—蛙系统,女娲,女娲 / 女媧,0,0,0.0
04,三国志,魏晋南北朝,854325,娲—娃—蛙系统,娃,娃,0,0,0.0
04,三国志,魏晋南北朝,854325,娲—娃—蛙系统,女娃,女娃,0,0,0.0
04,三国志,魏晋南北朝,854325,娲—娃—蛙系统,蛙,蛙,1,1,1.1705147338542123
04,三国志,魏晋南北朝,854325,娲—娃—蛙系统,青蛙,青蛙,0,0,0.0
04,三国志,魏晋南北朝,854325,娲—娃—蛙系统,黾,黾 / 黽,1,1,1.1705147338542123
04,三国志,魏晋南北朝,854325,娲—娃—蛙系统,精卫,精卫 / 精衛,0,0,0.0
04,三国志,魏晋南北朝,854325,鸟—凤—风系统,鸟,鸟 / 鳥,95,95,111.19889971615018
04,三国志,魏晋南北朝,854325,鸟—凤—风系统,凤,凤 / 鳳,66,66,77.25397243437801
04,三国志,魏晋南北朝,854325,鸟—凤—风系统,凤凰,凤凰 / 鳳凰 / 凤皇 / 鳳皇,23,23,26.921838878646884
04,三国志,魏晋南北朝,854325,鸟—凤—风系统,玄鸟,玄鸟 / 玄鳥,0,0,0.0
04,三国志,魏晋南北朝,854325,鸟—凤—风系统,朱鸟朱雀,朱鸟 / 朱鳥 / 朱雀,2,2,2.3410294677084247
04,三国志,魏晋南北朝,854325,鸟—凤—风系统,精卫,精卫 / 精衛,0,0,0.0
04,三国志,魏晋南北朝,854325,鸟—凤—风系统,风,风 / 風,472,472,552.4829543791883
04,三国志,魏晋南北朝,854325,鸟—凤—风系统,皇,皇,619,619,724.5486202557574
05,晋书,魏晋南北朝,1453803,蛇—ta系统,他,他,155,155,106.61692127475318
05,晋书,魏晋南北朝,1453803,蛇—ta系统,她,她,0,0,0.0
05,晋书,魏晋南北朝,1453803,蛇—ta系统,它,它,0,0,0.0
05,晋书,魏晋南北朝,1453803,蛇—ta系统,蛇,蛇 / 虵,91,91,62.594450554855094
05,晋书,魏晋南北朝,1453803,蛇—ta系统,也,也,7566,7566,5204.281460417952
05,晋书,魏晋南北朝,1453803,蛇—ta系统,佗,佗,4,4,2.7514044199936305
05,晋书,魏晋南北朝,1453803,蛇—ta系统,牠,牠,0,0,0.0
05,晋书,魏晋南北朝,1453803,蛇—ta系统,姐姊,姐 / 姊,49,49,33.70470414492197
05,晋书,魏晋南北朝,1453803,蛇—ta系统,巳,巳,219,219,150.63939199465128
05,晋书,魏晋南北朝,1453803,蛇—ta系统,虺,虺,3,3,2.063553314995223
05,晋书,魏晋南北朝,1453803,蛇—ta系统,螣蛇,螣蛇 / 腾蛇 / 騰蛇,6,6,4.127106629990446
05,晋书,魏晋南北朝,1453803,蛇—ta系统,巴蛇,巴蛇,0,0,0.0
05,晋书,魏晋南北朝,1453803,蛇—ta系统,化蛇,化蛇,0,0,0.0
05,晋书,魏晋南北朝,1453803,蛇—ta系统,鸣蛇,鸣蛇 / 鳴蛇,0,0,0.0
05,晋书,魏晋南北朝,1453803,娲—娃—蛙系统,娲,娲 / 媧,3,3,2.063553314995223
05,晋书,魏晋南北朝,1453803,娲—娃—蛙系统,女娲,女娲 / 女媧,2,2,1.3757022099968153
05,晋书,魏晋南北朝,1453803,娲—娃—蛙系统,娃,娃,0,0,0.0
05,晋书,魏晋南北朝,1453803,娲—娃—蛙系统,女娃,女娃,0,0,0.0
05,晋书,魏晋南北朝,1453803,娲—娃—蛙系统,蛙,蛙,7,7,4.8149577349888535
05,晋书,魏晋南北朝,1453803,娲—娃—蛙系统,青蛙,青蛙,0,0,0.0
05,晋书,魏晋南北朝,1453803,娲—娃—蛙系统,黾,黾 / 黽,5,5,3.439255524992038
05,晋书,魏晋南北朝,1453803,娲—娃—蛙系统,精卫,精卫 / 精衛,0,0,0.0
05,晋书,魏晋南北朝,1453803,鸟—凤—风系统,鸟,鸟 / 鳥,133,133,91.48419696478821
05,晋书,魏晋南北朝,1453803,鸟—凤—风系统,凤,凤 / 鳳,171,171,117.62253895472772
05,晋书,魏晋南北朝,1453803,鸟—凤—风系统,凤凰,凤凰 / 鳳凰 / 凤皇 / 鳳皇,27,27,18.571979834957006
05,晋书,魏晋南北朝,1453803,鸟—凤—风系统,玄鸟,玄鸟 / 玄鳥,4,4,2.7514044199936305
05,晋书,魏晋南北朝,1453803,鸟—凤—风系统,朱鸟朱雀,朱鸟 / 朱鳥 / 朱雀,13,13,8.942064364979299
05,晋书,魏晋南北朝,1453803,鸟—凤—风系统,精卫,精卫 / 精衛,0,0,0.0
05,晋书,魏晋南北朝,1453803,鸟—凤—风系统,风,风 / 風,1190,1190,818.542814948105
05,晋书,魏晋南北朝,1453803,鸟—凤—风系统,皇,皇,1766,1766,1214.745051427188
06,宋书,魏晋南北朝,1028274,蛇—ta系统,他,他,49,49,47.65266845218298
06,宋书,魏晋南北朝,1028274,蛇—ta系统,她,她,0,0,0.0
06,宋书,魏晋南北朝,1028274,蛇—ta系统,它,它,28,28,27.230096258390276
06,宋书,魏晋南北朝,1028274,蛇—ta系统,蛇,蛇 / 虵,43,43,41.81764782538506
06,宋书,魏晋南北朝,1028274,蛇—ta系统,也,也,3586,3586,3487.3973279495544
06,宋书,魏晋南北朝,1028274,蛇—ta系统,佗,佗,1,1,0.9725034377996525
06,宋书,魏晋南北朝,1028274,蛇—ta系统,牠,牠,0,0,0.0
06,宋书,魏晋南北朝,1028274,蛇—ta系统,姐姊,姐 / 姊,27,27,26.25759282059062
06,宋书,魏晋南北朝,1028274,蛇—ta系统,巳,巳,260,260,252.8508938279097
06,宋书,魏晋南北朝,1028274,蛇—ta系统,虺,虺,3,3,2.9175103133989575
06,宋书,魏晋南北朝,1028274,蛇—ta系统,螣蛇,螣蛇 / 腾蛇 / 騰蛇,4,4,3.89001375119861
06,宋书,魏晋南北朝,1028274,蛇—ta系统,巴蛇,巴蛇,0,0,0.0
06,宋书,魏晋南北朝,1028274,蛇—ta系统,化蛇,化蛇,0,0,0.0
06,宋书,魏晋南北朝,1028274,蛇—ta系统,鸣蛇,鸣蛇 / 鳴蛇,0,0,0.0
06,宋书,魏晋南北朝,1028274,娲—娃—蛙系统,娲,娲 / 媧,1,1,0.9725034377996525
06,宋书,魏晋南北朝,1028274,娲—娃—蛙系统,女娲,女娲 / 女媧,1,1,0.9725034377996525
06,宋书,魏晋南北朝,1028274,娲—娃—蛙系统,娃,娃,0,0,0.0
06,宋书,魏晋南北朝,1028274,娲—娃—蛙系统,女娃,女娃,0,0,0.0
06,宋书,魏晋南北朝,1028274,娲—娃—蛙系统,蛙,蛙,1,1,0.9725034377996525
06,宋书,魏晋南北朝,1028274,娲—娃—蛙系统,青蛙,青蛙,0,0,0.0
06,宋书,魏晋南北朝,1028274,娲—娃—蛙系统,黾,黾 / 黽,8,8,7.78002750239722
06,宋书,魏晋南北朝,1028274,娲—娃—蛙系统,精卫,精卫 / 精衛,0,0,0.0
06,宋书,魏晋南北朝,1028274,鸟—凤—风系统,鸟,鸟 / 鳥,133,133,129.3429572273538
06,宋书,魏晋南北朝,1028274,鸟—凤—风系统,凤,凤 / 鳳,146,146,141.9855019187493
06,宋书,魏晋南北朝,1028274,鸟—凤—风系统,凤凰,凤凰 / 鳳凰 / 凤皇 / 鳳皇,71,71,69.04774408377534
06,宋书,魏晋南北朝,1028274,鸟—凤—风系统,玄鸟,玄鸟 / 玄鳥,3,3,2.9175103133989575
06,宋书,魏晋南北朝,1028274,鸟—凤—风系统,朱鸟朱雀,朱鸟 / 朱鳥 / 朱雀,22,22,21.395075631592356
06,宋书,魏晋南北朝,1028274,鸟—凤—风系统,精卫,精卫 / 精衛,0,0,0.0
06,宋书,魏晋南北朝,1028274,鸟—凤—风系统,风,风 / 風,792,792,770.2227227373248
06,宋书,魏晋南北朝,1028274,鸟—凤—风系统,皇,皇,1384,1384,1345.9447579147193
07,南齐书,魏晋南北朝,385031,蛇—ta系统,他,他,24,24,62.33264334560075
07,南齐书,魏晋南北朝,385031,蛇—ta系统,她,她,0,0,0.0
07,南齐书,魏晋南北朝,385031,蛇—ta系统,它,它,0,0,0.0
07,南齐书,魏晋南北朝,385031,蛇—ta系统,蛇,蛇 / 虵,9,9,23.37474125460028
07,南齐书,魏晋南北朝,385031,蛇—ta系统,也,也,1098,1098,2851.718433061234
07,南齐书,魏晋南北朝,385031,蛇—ta系统,佗,佗,1,1,2.5971934727333643
07,南齐书,魏晋南北朝,385031,蛇—ta系统,牠,牠,0,0,0.0
07,南齐书,魏晋南北朝,385031,蛇—ta系统,姐姊,姐 / 姊,10,10,25.971934727333643
07,南齐书,魏晋南北朝,385031,蛇—ta系统,巳,巳,122,122,316.85760367347046
07,南齐书,魏晋南北朝,385031,蛇—ta系统,虺,虺,0,0,0.0
07,南齐书,魏晋南北朝,385031,蛇—ta系统,螣蛇,螣蛇 / 腾蛇 / 騰蛇,0,0,0.0
07,南齐书,魏晋南北朝,385031,蛇—ta系统,巴蛇,巴蛇,0,0,0.0
07,南齐书,魏晋南北朝,385031,蛇—ta系统,化蛇,化蛇,0,0,0.0
07,南齐书,魏晋南北朝,385031,蛇—ta系统,鸣蛇,鸣蛇 / 鳴蛇,0,0,0.0
07,南齐书,魏晋南北朝,385031,娲—娃—蛙系统,娲,娲 / 媧,0,0,0.0
07,南齐书,魏晋南北朝,385031,娲—娃—蛙系统,女娲,女娲 / 女媧,0,0,0.0
07,南齐书,魏晋南北朝,385031,娲—娃—蛙系统,娃,娃,0,0,0.0
07,南齐书,魏晋南北朝,385031,娲—娃—蛙系统,女娃,女娃,0,0,0.0
07,南齐书,魏晋南北朝,385031,娲—娃—蛙系统,蛙,蛙,2,2,5.194386945466729
07,南齐书,魏晋南北朝,385031,娲—娃—蛙系统,青蛙,青蛙,0,0,0.0
07,南齐书,魏晋南北朝,385031,娲—娃—蛙系统,黾,黾 / 黽,0,0,0.0
07,南齐书,魏晋南北朝,385031,娲—娃—蛙系统,精卫,精卫 / 精衛,0,0,0.0
07,南齐书,魏晋南北朝,385031,鸟—凤—风系统,鸟,鸟 / 鳥,48,48,124.6652866912015
07,南齐书,魏晋南北朝,385031,鸟—凤—风系统,凤,凤 / 鳳,44,44,114.27651280026804
07,南齐书,魏晋南北朝,385031,鸟—凤—风系统,凤凰,凤凰 / 鳳凰 / 凤皇 / 鳳皇,9,9,23.37474125460028
07,南齐书,魏晋南北朝,385031,鸟—凤—风系统,玄鸟,玄鸟 / 玄鳥,0,0,0.0
07,南齐书,魏晋南北朝,385031,鸟—凤—风系统,朱鸟朱雀,朱鸟 / 朱鳥 / 朱雀,6,6,15.583160836400188
07,南齐书,魏晋南北朝,385031,鸟—凤—风系统,精卫,精卫 / 精衛,0,0,0.0
07,南齐书,魏晋南北朝,385031,鸟—凤—风系统,风,风 / 風,298,298,773.9636548745425
07,南齐书,魏晋南北朝,385031,鸟—凤—风系统,皇,皇,467,467,1212.8893517664812
08,梁书,魏晋南北朝,368183,蛇—ta系统,他,他,17,17,46.17269129753411
08,梁书,魏晋南北朝,368183,蛇—ta系统,她,她,0,0,0.0
08,梁书,魏晋南北朝,368183,蛇—ta系统,它,它,2,2,5.43208132912166
08,梁书,魏晋南北朝,368183,蛇—ta系统,蛇,蛇 / 虵,13,13,35.308528639290785
08,梁书,魏晋南北朝,368183,蛇—ta系统,也,也,934,934,2536.781980699815
08,梁书,魏晋南北朝,368183,蛇—ta系统,佗,佗,10,10,27.160406645608298
08,梁书,魏晋南北朝,368183,蛇—ta系统,牠,牠,0,0,0.0
08,梁书,魏晋南北朝,368183,蛇—ta系统,姐姊,姐 / 姊,14,14,38.02456930385162
08,梁书,魏晋南北朝,368183,蛇—ta系统,巳,巳,80,80,217.28325316486638
08,梁书,魏晋南北朝,368183,蛇—ta系统,虺,虺,2,2,5.43208132912166
08,梁书,魏晋南北朝,368183,蛇—ta系统,螣蛇,螣蛇 / 腾蛇 / 騰蛇,0,0,0.0
08,梁书,魏晋南北朝,368183,蛇—ta系统,巴蛇,巴蛇,0,0,0.0
08,梁书,魏晋南北朝,368183,蛇—ta系统,化蛇,化蛇,0,0,0.0
08,梁书,魏晋南北朝,368183,蛇—ta系统,鸣蛇,鸣蛇 / 鳴蛇,0,0,0.0
08,梁书,魏晋南北朝,368183,娲—娃—蛙系统,娲,娲 / 媧,1,1,2.71604066456083
08,梁书,魏晋南北朝,368183,娲—娃—蛙系统,女娲,女娲 / 女媧,1,1,2.71604066456083
08,梁书,魏晋南北朝,368183,娲—娃—蛙系统,娃,娃,1,1,2.71604066456083
08,梁书,魏晋南北朝,368183,娲—娃—蛙系统,女娃,女娃,0,0,0.0
08,梁书,魏晋南北朝,368183,娲—娃—蛙系统,蛙,蛙,1,1,2.71604066456083
08,梁书,魏晋南北朝,368183,娲—娃—蛙系统,青蛙,青蛙,0,0,0.0
08,梁书,魏晋南北朝,368183,娲—娃—蛙系统,黾,黾 / 黽,1,1,2.71604066456083
08,梁书,魏晋南北朝,368183,娲—娃—蛙系统,精卫,精卫 / 精衛,0,0,0.0
08,梁书,魏晋南北朝,368183,鸟—凤—风系统,鸟,鸟 / 鳥,43,43,116.78974857611568
08,梁书,魏晋南北朝,368183,鸟—凤—风系统,凤,凤 / 鳳,29,29,78.76517927226406
08,梁书,魏晋南北朝,368183,鸟—凤—风系统,凤凰,凤凰 / 鳳凰 / 凤皇 / 鳳皇,4,4,10.86416265824332
08,梁书,魏晋南北朝,368183,鸟—凤—风系统,玄鸟,玄鸟 / 玄鳥,1,1,2.71604066456083
08,梁书,魏晋南北朝,368183,鸟—凤—风系统,朱鸟朱雀,朱鸟 / 朱鳥 / 朱雀,17,17,46.17269129753411
08,梁书,魏晋南北朝,368183,鸟—凤—风系统,精卫,精卫 / 精衛,0,0,0.0
08,梁书,魏晋南北朝,368183,鸟—凤—风系统,风,风 / 風,325,325,882.7132159822696
08,梁书,魏晋南北朝,368183,鸟—凤—风系统,皇,皇,267,267,725.1828574377415
09,陈书,魏晋南北朝,202689,蛇—ta系统,他,他,29,29,143.07633862715787
09,陈书,魏晋南北朝,202689,蛇—ta系统,她,她,0,0,0.0
09,陈书,魏晋南北朝,202689,蛇—ta系统,它,它,0,0,0.0
09,陈书,魏晋南北朝,202689,蛇—ta系统,蛇,蛇 / 虵,5,5,24.6683342460617
09,陈书,魏晋南北朝,202689,蛇—ta系统,也,也,456,456,2249.7520832408272
09,陈书,魏晋南北朝,202689,蛇—ta系统,佗,佗,1,1,4.93366684921234
09,陈书,魏晋南北朝,202689,蛇—ta系统,牠,牠,0,0,0.0
09,陈书,魏晋南北朝,202689,蛇—ta系统,姐姊,姐 / 姊,2,2,9.86733369842468
09,陈书,魏晋南北朝,202689,蛇—ta系统,巳,巳,63,63,310.82101150037744
09,陈书,魏晋南北朝,202689,蛇—ta系统,虺,虺,0,0,0.0
09,陈书,魏晋南北朝,202689,蛇—ta系统,螣蛇,螣蛇 / 腾蛇 / 騰蛇,0,0,0.0
09,陈书,魏晋南北朝,202689,蛇—ta系统,巴蛇,巴蛇,0,0,0.0
09,陈书,魏晋南北朝,202689,蛇—ta系统,化蛇,化蛇,0,0,0.0
09,陈书,魏晋南北朝,202689,蛇—ta系统,鸣蛇,鸣蛇 / 鳴蛇,0,0,0.0
09,陈书,魏晋南北朝,202689,娲—娃—蛙系统,娲,娲 / 媧,0,0,0.0
09,陈书,魏晋南北朝,202689,娲—娃—蛙系统,女娲,女娲 / 女媧,0,0,0.0
09,陈书,魏晋南北朝,202689,娲—娃—蛙系统,娃,娃,0,0,0.0
09,陈书,魏晋南北朝,202689,娲—娃—蛙系统,女娃,女娃,0,0,0.0
09,陈书,魏晋南北朝,202689,娲—娃—蛙系统,蛙,蛙,1,1,4.93366684921234
09,陈书,魏晋南北朝,202689,娲—娃—蛙系统,青蛙,青蛙,0,0,0.0
09,陈书,魏晋南北朝,202689,娲—娃—蛙系统,黾,黾 / 黽,0,0,0.0
09,陈书,魏晋南北朝,202689,娲—娃—蛙系统,精卫,精卫 / 精衛,0,0,0.0
09,陈书,魏晋南北朝,202689,鸟—凤—风系统,鸟,鸟 / 鳥,7,7,34.535667944486384
09,陈书,魏晋南北朝,202689,鸟—凤—风系统,凤,凤 / 鳳,2,2,9.86733369842468
09,陈书,魏晋南北朝,202689,鸟—凤—风系统,凤凰,凤凰 / 鳳凰 / 凤皇 / 鳳皇,0,0,0.0
09,陈书,魏晋南北朝,202689,鸟—凤—风系统,玄鸟,玄鸟 / 玄鳥,0,0,0.0
09,陈书,魏晋南北朝,202689,鸟—凤—风系统,朱鸟朱雀,朱鸟 / 朱鳥 / 朱雀,8,8,39.46933479369872
09,陈书,魏晋南北朝,202689,鸟—凤—风系统,精卫,精卫 / 精衛,0,0,0.0
09,陈书,魏晋南北朝,202689,鸟—凤—风系统,风,风 / 風,147,147,725.249026834214
09,陈书,魏晋南北朝,202689,鸟—凤—风系统,皇,皇,255,255,1258.0850465491467
10,魏书,魏晋南北朝,1281297,蛇—ta系统,他,他,133,133,103.80107032171307
10,魏书,魏晋南北朝,1281297,蛇—ta系统,她,她,0,0,0.0
10,魏书,魏晋南北朝,1281297,蛇—ta系统,它,它,0,0,0.0
10,魏书,魏晋南北朝,1281297,蛇—ta系统,蛇,蛇 / 虵,56,56,43.70571381966867
10,魏书,魏晋南北朝,1281297,蛇—ta系统,也,也,3350,3350,2614.5382374266073
10,魏书,魏晋南北朝,1281297,蛇—ta系统,佗,佗,9,9,7.024132578161035
10,魏书,魏晋南北朝,1281297,蛇—ta系统,牠,牠,0,0,0.0
10,魏书,魏晋南北朝,1281297,蛇—ta系统,姐姊,姐 / 姊,47,47,36.68158124150762
10,魏书,魏晋南北朝,1281297,蛇—ta系统,巳,巳,343,343,267.6974971454706
10,魏书,魏晋南北朝,1281297,蛇—ta系统,虺,虺,6,6,4.682755052107357
10,魏书,魏晋南北朝,1281297,蛇—ta系统,螣蛇,螣蛇 / 腾蛇 / 騰蛇,5,5,3.902295876756131
10,魏书,魏晋南北朝,1281297,蛇—ta系统,巴蛇,巴蛇,0,0,0.0
10,魏书,魏晋南北朝,1281297,蛇—ta系统,化蛇,化蛇,0,0,0.0
10,魏书,魏晋南北朝,1281297,蛇—ta系统,鸣蛇,鸣蛇 / 鳴蛇,0,0,0.0
10,魏书,魏晋南北朝,1281297,娲—娃—蛙系统,娲,娲 / 媧,2,2,1.5609183507024522
10,魏书,魏晋南北朝,1281297,娲—娃—蛙系统,女娲,女娲 / 女媧,2,2,1.5609183507024522
10,魏书,魏晋南北朝,1281297,娲—娃—蛙系统,娃,娃,0,0,0.0
10,魏书,魏晋南北朝,1281297,娲—娃—蛙系统,女娃,女娃,0,0,0.0
10,魏书,魏晋南北朝,1281297,娲—娃—蛙系统,蛙,蛙,0,0,0.0
10,魏书,魏晋南北朝,1281297,娲—娃—蛙系统,青蛙,青蛙,0,0,0.0
10,魏书,魏晋南北朝,1281297,娲—娃—蛙系统,黾,黾 / 黽,2,2,1.5609183507024522
10,魏书,魏晋南北朝,1281297,娲—娃—蛙系统,精卫,精卫 / 精衛,0,0,0.0
10,魏书,魏晋南北朝,1281297,鸟—凤—风系统,鸟,鸟 / 鳥,99,99,77.26545835977139
10,魏书,魏晋南北朝,1281297,鸟—凤—风系统,凤,凤 / 鳳,121,121,94.43556021749836
10,魏书,魏晋南北朝,1281297,鸟—凤—风系统,凤凰,凤凰 / 鳳凰 / 凤皇 / 鳳皇,21,21,16.389642682375747
10,魏书,魏晋南北朝,1281297,鸟—凤—风系统,玄鸟,玄鸟 / 玄鳥,7,7,5.463214227458583
10,魏书,魏晋南北朝,1281297,鸟—凤—风系统,朱鸟朱雀,朱鸟 / 朱鳥 / 朱雀,9,9,7.024132578161035
10,魏书,魏晋南北朝,1281297,鸟—凤—风系统,精卫,精卫 / 精衛,0,0,0.0
10,魏书,魏晋南北朝,1281297,鸟—凤—风系统,风,风 / 風,821,821,640.7569829633567
10,魏书,魏晋南北朝,1281297,鸟—凤—风系统,皇,皇,1320,1320,1030.2061114636185
11,北齐书,魏晋南北朝,263571,蛇—ta系统,他,他,38,38,144.17367616315906
11,北齐书,魏晋南北朝,263571,蛇—ta系统,她,她,0,0,0.0
11,北齐书,魏晋南北朝,263571,蛇—ta系统,它,它,0,0,0.0
11,北齐书,魏晋南北朝,263571,蛇—ta系统,蛇,蛇 / 虵,12,12,45.52852931468182
11,北齐书,魏晋南北朝,263571,蛇—ta系统,也,也,684,684,2595.126170936863
11,北齐书,魏晋南北朝,263571,蛇—ta系统,佗,佗,0,0,0.0
11,北齐书,魏晋南北朝,263571,蛇—ta系统,牠,牠,0,0,0.0
11,北齐书,魏晋南北朝,263571,蛇—ta系统,姐姊,姐 / 姊,31,31,117.61536739626135
11,北齐书,魏晋南北朝,263571,蛇—ta系统,巳,巳,53,53,201.08433780651134
11,北齐书,魏晋南北朝,263571,蛇—ta系统,虺,虺,0,0,0.0
11,北齐书,魏晋南北朝,263571,蛇—ta系统,螣蛇,螣蛇 / 腾蛇 / 騰蛇,0,0,0.0
11,北齐书,魏晋南北朝,263571,蛇—ta系统,巴蛇,巴蛇,0,0,0.0
11,北齐书,魏晋南北朝,263571,蛇—ta系统,化蛇,化蛇,0,0,0.0
11,北齐书,魏晋南北朝,263571,蛇—ta系统,鸣蛇,鸣蛇 / 鳴蛇,0,0,0.0
11,北齐书,魏晋南北朝,263571,娲—娃—蛙系统,娲,娲 / 媧,1,1,3.794044109556818
11,北齐书,魏晋南北朝,263571,娲—娃—蛙系统,女娲,女娲 / 女媧,1,1,3.794044109556818
11,北齐书,魏晋南北朝,263571,娲—娃—蛙系统,娃,娃,0,0,0.0
11,北齐书,魏晋南北朝,263571,娲—娃—蛙系统,女娃,女娃,0,0,0.0
11,北齐书,魏晋南北朝,263571,娲—娃—蛙系统,蛙,蛙,0,0,0.0
11,北齐书,魏晋南北朝,263571,娲—娃—蛙系统,青蛙,青蛙,0,0,0.0
11,北齐书,魏晋南北朝,263571,娲—娃—蛙系统,黾,黾 / 黽,0,0,0.0
11,北齐书,魏晋南北朝,263571,娲—娃—蛙系统,精卫,精卫 / 精衛,0,0,0.0
11,北齐书,魏晋南北朝,263571,鸟—凤—风系统,鸟,鸟 / 鳥,14,14,53.11661753379545
11,北齐书,魏晋南北朝,263571,鸟—凤—风系统,凤,凤 / 鳳,43,43,163.14389671094315
11,北齐书,魏晋南北朝,263571,鸟—凤—风系统,凤凰,凤凰 / 鳳凰 / 凤皇 / 鳳皇,2,2,7.588088219113636
11,北齐书,魏晋南北朝,263571,鸟—凤—风系统,玄鸟,玄鸟 / 玄鳥,0,0,0.0
11,北齐书,魏晋南北朝,263571,鸟—凤—风系统,朱鸟朱雀,朱鸟 / 朱鳥 / 朱雀,0,0,0.0
11,北齐书,魏晋南北朝,263571,鸟—凤—风系统,精卫,精卫 / 精衛,0,0,0.0
11,北齐书,魏晋南北朝,263571,鸟—凤—风系统,风,风 / 風,205,205,777.7790424591477
11,北齐书,魏晋南北朝,263571,鸟—凤—风系统,皇,皇,424,424,1608.6747024520907
12,周书,魏晋南北朝,327629,蛇—ta系统,他,他,29,29,88.5147529675334
12,周书,魏晋南北朝,327629,蛇—ta系统,她,她,0,0,0.0
12,周书,魏晋南北朝,327629,蛇—ta系统,它,它,0,0,0.0
12,周书,魏晋南北朝,327629,蛇—ta系统,蛇,蛇 / 虵,9,9,27.47009574854485
12,周书,魏晋南北朝,327629,蛇—ta系统,也,也,832,832,2539.457740309924
12,周书,魏晋南北朝,327629,蛇—ta系统,佗,佗,0,0,0.0
12,周书,魏晋南北朝,327629,蛇—ta系统,牠,牠,0,0,0.0
12,周书,魏晋南北朝,327629,蛇—ta系统,姐姊,姐 / 姊,9,9,27.47009574854485
12,周书,魏晋南北朝,327629,蛇—ta系统,巳,巳,72,72,219.7607659883588
12,周书,魏晋南北朝,327629,蛇—ta系统,虺,虺,1,1,3.052232860949428
12,周书,魏晋南北朝,327629,蛇—ta系统,螣蛇,螣蛇 / 腾蛇 / 騰蛇,0,0,0.0
12,周书,魏晋南北朝,327629,蛇—ta系统,巴蛇,巴蛇,0,0,0.0
12,周书,魏晋南北朝,327629,蛇—ta系统,化蛇,化蛇,0,0,0.0
12,周书,魏晋南北朝,327629,蛇—ta系统,鸣蛇,鸣蛇 / 鳴蛇,0,0,0.0
12,周书,魏晋南北朝,327629,娲—娃—蛙系统,娲,娲 / 媧,0,0,0.0
12,周书,魏晋南北朝,327629,娲—娃—蛙系统,女娲,女娲 / 女媧,0,0,0.0
12,周书,魏晋南北朝,327629,娲—娃—蛙系统,娃,娃,0,0,0.0
12,周书,魏晋南北朝,327629,娲—娃—蛙系统,女娃,女娃,0,0,0.0
12,周书,魏晋南北朝,327629,娲—娃—蛙系统,蛙,蛙,1,1,3.052232860949428
12,周书,魏晋南北朝,327629,娲—娃—蛙系统,青蛙,青蛙,0,0,0.0
12,周书,魏晋南北朝,327629,娲—娃—蛙系统,黾,黾 / 黽,0,0,0.0
12,周书,魏晋南北朝,327629,娲—娃—蛙系统,精卫,精卫 / 精衛,0,0,0.0
12,周书,魏晋南北朝,327629,鸟—凤—风系统,鸟,鸟 / 鳥,16,16,48.835725775190845
12,周书,魏晋南北朝,327629,鸟—凤—风系统,凤,凤 / 鳳,36,36,109.8803829941794
12,周书,魏晋南北朝,327629,鸟—凤—风系统,凤凰,凤凰 / 鳳凰 / 凤皇 / 鳳皇,2,2,6.104465721898856
12,周书,魏晋南北朝,327629,鸟—凤—风系统,玄鸟,玄鸟 / 玄鳥,0,0,0.0
12,周书,魏晋南北朝,327629,鸟—凤—风系统,朱鸟朱雀,朱鸟 / 朱鳥 / 朱雀,1,1,3.052232860949428
12,周书,魏晋南北朝,327629,鸟—凤—风系统,精卫,精卫 / 精衛,0,0,0.0
12,周书,魏晋南北朝,327629,鸟—凤—风系统,风,风 / 風,199,199,607.3943393289361
12,周书,魏晋南北朝,327629,鸟—凤—风系统,皇,皇,391,391,1193.423048631226
13,隋书,隋唐,909341,蛇—ta系统,他,他,63,63,69.2809408131823
13,隋书,隋唐,909341,蛇—ta系统,她,她,0,0,0.0
13,隋书,隋唐,909341,蛇—ta系统,它,它,1,1,1.099697473225116
13,隋书,隋唐,909341,蛇—ta系统,蛇,蛇 / 虵,62,62,68.18124333995718
13,隋书,隋唐,909341,蛇—ta系统,也,也,3062,3062,3367.2736630153045
13,隋书,隋唐,909341,蛇—ta系统,佗,佗,20,20,21.993949464502315
13,隋书,隋唐,909341,蛇—ta系统,牠,牠,0,0,0.0
13,隋书,隋唐,909341,蛇—ta系统,姐姊,姐 / 姊,18,18,19.794554518052085
13,隋书,隋唐,909341,蛇—ta系统,巳,巳,142,142,156.15704119796644
13,隋书,隋唐,909341,蛇—ta系统,虺,虺,1,1,1.099697473225116
13,隋书,隋唐,909341,蛇—ta系统,螣蛇,螣蛇 / 腾蛇 / 騰蛇,4,4,4.398789892900464
13,隋书,隋唐,909341,蛇—ta系统,巴蛇,巴蛇,0,0,0.0
13,隋书,隋唐,909341,蛇—ta系统,化蛇,化蛇,0,0,0.0
13,隋书,隋唐,909341,蛇—ta系统,鸣蛇,鸣蛇 / 鳴蛇,0,0,0.0
13,隋书,隋唐,909341,娲—娃—蛙系统,娲,娲 / 媧,2,2,2.199394946450232
13,隋书,隋唐,909341,娲—娃—蛙系统,女娲,女娲 / 女媧,2,2,2.199394946450232
13,隋书,隋唐,909341,娲—娃—蛙系统,娃,娃,0,0,0.0
13,隋书,隋唐,909341,娲—娃—蛙系统,女娃,女娃,0,0,0.0
13,隋书,隋唐,909341,娲—娃—蛙系统,蛙,蛙,1,1,1.099697473225116
13,隋书,隋唐,909341,娲—娃—蛙系统,青蛙,青蛙,0,0,0.0
13,隋书,隋唐,909341,娲—娃—蛙系统,黾,黾 / 黽,1,1,1.099697473225116
13,隋书,隋唐,909341,娲—娃—蛙系统,精卫,精卫 / 精衛,0,0,0.0
13,隋书,隋唐,909341,鸟—凤—风系统,鸟,鸟 / 鳥,120,120,131.96369678701387
13,隋书,隋唐,909341,鸟—凤—风系统,凤,凤 / 鳳,81,81,89.07549533123438
13,隋书,隋唐,909341,鸟—凤—风系统,凤凰,凤凰 / 鳳凰 / 凤皇 / 鳳皇,14,14,15.395764625151621
13,隋书,隋唐,909341,鸟—凤—风系统,玄鸟,玄鸟 / 玄鳥,5,5,5.498487366125579
13,隋书,隋唐,909341,鸟—凤—风系统,朱鸟朱雀,朱鸟 / 朱鳥 / 朱雀,22,22,24.193344410952548
13,隋书,隋唐,909341,鸟—凤—风系统,精卫,精卫 / 精衛,0,0,0.0
13,隋书,隋唐,909341,鸟—凤—风系统,风,风 / 風,620,620,681.8124333995718
13,隋书,隋唐,909341,鸟—凤—风系统,皇,皇,2735,2735,3007.672589270692
14,北史,魏晋南北朝,1382313,蛇—ta系统,他,他,171,171,123.70570196475038
14,北史,魏晋南北朝,1382313,蛇—ta系统,她,她,0,0,0.0
14,北史,魏晋南北朝,1382313,蛇—ta系统,它,它,0,0,0.0
14,北史,魏晋南北朝,1382313,蛇—ta系统,蛇,蛇 / 虵,50,50,36.17125788442994
14,北史,魏晋南北朝,1382313,蛇—ta系统,也,也,4032,4032,2916.8502358004303
14,北史,魏晋南北朝,1382313,蛇—ta系统,佗,佗,23,23,16.638778626837773
14,北史,魏晋南北朝,1382313,蛇—ta系统,牠,牠,0,0,0.0
14,北史,魏晋南北朝,1382313,蛇—ta系统,姐姊,姐 / 姊,109,109,78.85334218805727
14,北史,魏晋南北朝,1382313,蛇—ta系统,巳,巳,345,345,249.58167940256655
14,北史,魏晋南北朝,1382313,蛇—ta系统,虺,虺,3,3,2.1702754730657965
14,北史,魏晋南北朝,1382313,蛇—ta系统,螣蛇,螣蛇 / 腾蛇 / 騰蛇,1,1,0.7234251576885987
14,北史,魏晋南北朝,1382313,蛇—ta系统,巴蛇,巴蛇,0,0,0.0
14,北史,魏晋南北朝,1382313,蛇—ta系统,化蛇,化蛇,0,0,0.0
14,北史,魏晋南北朝,1382313,蛇—ta系统,鸣蛇,鸣蛇 / 鳴蛇,0,0,0.0
14,北史,魏晋南北朝,1382313,娲—娃—蛙系统,娲,娲 / 媧,1,1,0.7234251576885987
14,北史,魏晋南北朝,1382313,娲—娃—蛙系统,女娲,女娲 / 女媧,1,1,0.7234251576885987
14,北史,魏晋南北朝,1382313,娲—娃—蛙系统,娃,娃,0,0,0.0
14,北史,魏晋南北朝,1382313,娲—娃—蛙系统,女娃,女娃,0,0,0.0
14,北史,魏晋南北朝,1382313,娲—娃—蛙系统,蛙,蛙,0,0,0.0
14,北史,魏晋南北朝,1382313,娲—娃—蛙系统,青蛙,青蛙,0,0,0.0
14,北史,魏晋南北朝,1382313,娲—娃—蛙系统,黾,黾 / 黽,1,1,0.7234251576885987
14,北史,魏晋南北朝,1382313,娲—娃—蛙系统,精卫,精卫 / 精衛,0,0,0.0
14,北史,魏晋南北朝,1382313,鸟—凤—风系统,鸟,鸟 / 鳥,89,89,64.38483903428529
14,北史,魏晋南北朝,1382313,鸟—凤—风系统,凤,凤 / 鳳,146,146,105.62007302253541
14,北史,魏晋南北朝,1382313,鸟—凤—风系统,凤凰,凤凰 / 鳳凰 / 凤皇 / 鳳皇,16,16,11.57480252301758
14,北史,魏晋南北朝,1382313,鸟—凤—风系统,玄鸟,玄鸟 / 玄鳥,1,1,0.7234251576885987
14,北史,魏晋南北朝,1382313,鸟—凤—风系统,朱鸟朱雀,朱鸟 / 朱鳥 / 朱雀,7,7,5.063976103820191
14,北史,魏晋南北朝,1382313,鸟—凤—风系统,精卫,精卫 / 精衛,0,0,0.0
14,北史,魏晋南北朝,1382313,鸟—凤—风系统,风,风 / 風,895,895,647.4655161312959
14,北史,魏晋南北朝,1382313,鸟—凤—风系统,皇,皇,2178,2178,1575.619993445768
15,南史,魏晋南北朝,846370,蛇—ta系统,他,他,81,81,95.70282500561221
15,南史,魏晋南北朝,846370,蛇—ta系统,她,她,0,0,0.0
15,南史,魏晋南北朝,846370,蛇—ta系统,它,它,1,1,1.1815163580939778
15,南史,魏晋南北朝,846370,蛇—ta系统,蛇,蛇 / 虵,32,32,37.80852345900729
15,南史,魏晋南北朝,846370,蛇—ta系统,也,也,2242,2242,2648.9596748466984
15,南史,魏晋南北朝,846370,蛇—ta系统,佗,佗,21,21,24.811843519973532
15,南史,魏晋南北朝,846370,蛇—ta系统,牠,牠,0,0,0.0
15,南史,魏晋南北朝,846370,蛇—ta系统,姐姊,姐 / 姊,47,47,55.53126883041696
15,南史,魏晋南北朝,846370,蛇—ta系统,巳,巳,178,178,210.30991174072804
15,南史,魏晋南北朝,846370,蛇—ta系统,虺,虺,1,1,1.1815163580939778
15,南史,魏晋南北朝,846370,蛇—ta系统,螣蛇,螣蛇 / 腾蛇 / 騰蛇,0,0,0.0
15,南史,魏晋南北朝,846370,蛇—ta系统,巴蛇,巴蛇,0,0,0.0
15,南史,魏晋南北朝,846370,蛇—ta系统,化蛇,化蛇,0,0,0.0
15,南史,魏晋南北朝,846370,蛇—ta系统,鸣蛇,鸣蛇 / 鳴蛇,0,0,0.0
15,南史,魏晋南北朝,846370,娲—娃—蛙系统,娲,娲 / 媧,0,0,0.0
15,南史,魏晋南北朝,846370,娲—娃—蛙系统,女娲,女娲 / 女媧,0,0,0.0
15,南史,魏晋南北朝,846370,娲—娃—蛙系统,娃,娃,0,0,0.0
15,南史,魏晋南北朝,846370,娲—娃—蛙系统,女娃,女娃,0,0,0.0
15,南史,魏晋南北朝,846370,娲—娃—蛙系统,蛙,蛙,3,3,3.5445490742819334
15,南史,魏晋南北朝,846370,娲—娃—蛙系统,青蛙,青蛙,0,0,0.0
15,南史,魏晋南北朝,846370,娲—娃—蛙系统,黾,黾 / 黽,2,2,2.3630327161879556
15,南史,魏晋南北朝,846370,娲—娃—蛙系统,精卫,精卫 / 精衛,0,0,0.0
15,南史,魏晋南北朝,846370,鸟—凤—风系统,鸟,鸟 / 鳥,82,82,96.88434136370618
15,南史,魏晋南北朝,846370,鸟—凤—风系统,凤,凤 / 鳳,67,67,79.16159599229651
15,南史,魏晋南北朝,846370,鸟—凤—风系统,凤凰,凤凰 / 鳳凰 / 凤皇 / 鳳皇,14,14,16.54122901331569
15,南史,魏晋南北朝,846370,鸟—凤—风系统,玄鸟,玄鸟 / 玄鳥,0,0,0.0
15,南史,魏晋南北朝,846370,鸟—凤—风系统,朱鸟朱雀,朱鸟 / 朱鳥 / 朱雀,47,47,55.53126883041696
15,南史,魏晋南北朝,846370,鸟—凤—风系统,精卫,精卫 / 精衛,0,0,0.0
15,南史,魏晋南北朝,846370,鸟—凤—风系统,风,风 / 風,610,610,720.7249784373264
15,南史,魏晋南北朝,846370,鸟—凤—风系统,皇,皇,924,924,1091.7211148788356
16,旧唐书,隋唐,2490424,蛇—ta系统,他,他,311,311,124.87833397044037
16,旧唐书,隋唐,2490424,蛇—ta系统,她,她,0,0,0.0
16,旧唐书,隋唐,2490424,蛇—ta系统,它,它,0,0,0.0
16,旧唐书,隋唐,2490424,蛇—ta系统,蛇,蛇 / 虵,73,73,29.312277748688576
16,旧唐书,隋唐,2490424,蛇—ta系统,也,也,6786,6786,2724.8372164739817
16,旧唐书,隋唐,2490424,蛇—ta系统,佗,佗,14,14,5.621532718926577
16,旧唐书,隋唐,2490424,蛇—ta系统,牠,牠,0,0,0.0
16,旧唐书,隋唐,2490424,蛇—ta系统,姐姊,姐 / 姊,74,74,29.713815800040475
16,旧唐书,隋唐,2490424,蛇—ta系统,巳,巳,696,696,279.4704837409212
16,旧唐书,隋唐,2490424,蛇—ta系统,虺,虺,14,14,5.621532718926577
16,旧唐书,隋唐,2490424,蛇—ta系统,螣蛇,螣蛇 / 腾蛇 / 騰蛇,0,0,0.0
16,旧唐书,隋唐,2490424,蛇—ta系统,巴蛇,巴蛇,0,0,0.0
16,旧唐书,隋唐,2490424,蛇—ta系统,化蛇,化蛇,0,0,0.0
16,旧唐书,隋唐,2490424,蛇—ta系统,鸣蛇,鸣蛇 / 鳴蛇,0,0,0.0
16,旧唐书,隋唐,2490424,娲—娃—蛙系统,娲,娲 / 媧,5,5,2.0076902567594916
16,旧唐书,隋唐,2490424,娲—娃—蛙系统,女娲,女娲 / 女媧,3,3,1.204614154055695
16,旧唐书,隋唐,2490424,娲—娃—蛙系统,娃,娃,0,0,0.0
16,旧唐书,隋唐,2490424,娲—娃—蛙系统,女娃,女娃,0,0,0.0
16,旧唐书,隋唐,2490424,娲—娃—蛙系统,蛙,蛙,5,5,2.0076902567594916
16,旧唐书,隋唐,2490424,娲—娃—蛙系统,青蛙,青蛙,0,0,0.0
16,旧唐书,隋唐,2490424,娲—娃—蛙系统,黾,黾 / 黽,6,6,2.40922830811139
16,旧唐书,隋唐,2490424,娲—娃—蛙系统,精卫,精卫 / 精衛,0,0,0.0
16,旧唐书,隋唐,2490424,鸟—凤—风系统,鸟,鸟 / 鳥,155,155,62.23839795954424
16,旧唐书,隋唐,2490424,鸟—凤—风系统,凤,凤 / 鳳,954,954,383.067300989711
16,旧唐书,隋唐,2490424,鸟—凤—风系统,凤凰,凤凰 / 鳳凰 / 凤皇 / 鳳皇,6,6,2.40922830811139
16,旧唐书,隋唐,2490424,鸟—凤—风系统,玄鸟,玄鸟 / 玄鳥,3,3,1.204614154055695
16,旧唐书,隋唐,2490424,鸟—凤—风系统,朱鸟朱雀,朱鸟 / 朱鳥 / 朱雀,14,14,5.621532718926577
16,旧唐书,隋唐,2490424,鸟—凤—风系统,精卫,精卫 / 精衛,0,0,0.0
16,旧唐书,隋唐,2490424,鸟—凤—风系统,风,风 / 風,1161,1161,466.1856776195539
16,旧唐书,隋唐,2490424,鸟—凤—风系统,皇,皇,2985,2985,1198.5910832854165
17,新唐书,隋唐,2110768,蛇—ta系统,他,他,108,108,51.16621059254262
17,新唐书,隋唐,2110768,蛇—ta系统,她,她,0,0,0.0
17,新唐书,隋唐,2110768,蛇—ta系统,它,它,424,424,200.8747526966488
17,新唐书,隋唐,2110768,蛇—ta系统,蛇,蛇 / 虵,91,91,43.112270036309056
17,新唐书,隋唐,2110768,蛇—ta系统,也,也,5121,5121,2426.1311522630626
17,新唐书,隋唐,2110768,蛇—ta系统,佗,佗,31,31,14.686597484896492
17,新唐书,隋唐,2110768,蛇—ta系统,牠,牠,0,0,0.0
17,新唐书,隋唐,2110768,蛇—ta系统,姐姊,姐 / 姊,67,67,31.74200101574403
17,新唐书,隋唐,2110768,蛇—ta系统,巳,巳,559,559,264.8325159373271
17,新唐书,隋唐,2110768,蛇—ta系统,虺,虺,26,26,12.317791438945447
17,新唐书,隋唐,2110768,蛇—ta系统,螣蛇,螣蛇 / 腾蛇 / 騰蛇,3,3,1.4212836275706284
17,新唐书,隋唐,2110768,蛇—ta系统,巴蛇,巴蛇,0,0,0.0
17,新唐书,隋唐,2110768,蛇—ta系统,化蛇,化蛇,0,0,0.0
17,新唐书,隋唐,2110768,蛇—ta系统,鸣蛇,鸣蛇 / 鳴蛇,0,0,0.0
17,新唐书,隋唐,2110768,娲—娃—蛙系统,娲,娲 / 媧,3,3,1.4212836275706284
17,新唐书,隋唐,2110768,娲—娃—蛙系统,女娲,女娲 / 女媧,3,3,1.4212836275706284
17,新唐书,隋唐,2110768,娲—娃—蛙系统,娃,娃,0,0,0.0
17,新唐书,隋唐,2110768,娲—娃—蛙系统,女娃,女娃,0,0,0.0
17,新唐书,隋唐,2110768,娲—娃—蛙系统,蛙,蛙,2,2,0.9475224183804188
17,新唐书,隋唐,2110768,娲—娃—蛙系统,青蛙,青蛙,0,0,0.0
17,新唐书,隋唐,2110768,娲—娃—蛙系统,黾,黾 / 黽,4,4,1.8950448367608377
17,新唐书,隋唐,2110768,娲—娃—蛙系统,精卫,精卫 / 精衛,0,0,0.0
17,新唐书,隋唐,2110768,鸟—凤—风系统,鸟,鸟 / 鳥,162,162,76.74931588881394
17,新唐书,隋唐,2110768,鸟—凤—风系统,凤,凤 / 鳳,789,789,373.79759405107524
17,新唐书,隋唐,2110768,鸟—凤—风系统,凤凰,凤凰 / 鳳凰 / 凤皇 / 鳳皇,6,6,2.842567255141257
17,新唐书,隋唐,2110768,鸟—凤—风系统,玄鸟,玄鸟 / 玄鳥,3,3,1.4212836275706284
17,新唐书,隋唐,2110768,鸟—凤—风系统,朱鸟朱雀,朱鸟 / 朱鳥 / 朱雀,14,14,6.632656928662932
17,新唐书,隋唐,2110768,鸟—凤—风系统,精卫,精卫 / 精衛,0,0,0.0
17,新唐书,隋唐,2110768,鸟—凤—风系统,风,风 / 風,780,780,369.53374316836334
17,新唐书,隋唐,2110768,鸟—凤—风系统,皇,皇,2341,2341,1109.0749907142804
18,旧五代史,五代两宋辽金,835200,蛇—ta系统,他,他,140,140,167.6245210727969
18,旧五代史,五代两宋辽金,835200,蛇—ta系统,她,她,0,0,0.0
18,旧五代史,五代两宋辽金,835200,蛇—ta系统,它,它,0,0,0.0
18,旧五代史,五代两宋辽金,835200,蛇—ta系统,蛇,蛇 / 虵,29,29,34.72222222222222
18,旧五代史,五代两宋辽金,835200,蛇—ta系统,也,也,2248,2248,2691.5708812260536
18,旧五代史,五代两宋辽金,835200,蛇—ta系统,佗,佗,1,1,1.1973180076628351
18,旧五代史,五代两宋辽金,835200,蛇—ta系统,牠,牠,0,0,0.0
18,旧五代史,五代两宋辽金,835200,蛇—ta系统,姐姊,姐 / 姊,14,14,16.762452107279692
18,旧五代史,五代两宋辽金,835200,蛇—ta系统,巳,巳,388,388,464.5593869731801
18,旧五代史,五代两宋辽金,835200,蛇—ta系统,虺,虺,7,7,8.381226053639846
18,旧五代史,五代两宋辽金,835200,蛇—ta系统,螣蛇,螣蛇 / 腾蛇 / 騰蛇,2,2,2.3946360153256703
18,旧五代史,五代两宋辽金,835200,蛇—ta系统,巴蛇,巴蛇,0,0,0.0
18,旧五代史,五代两宋辽金,835200,蛇—ta系统,化蛇,化蛇,0,0,0.0
18,旧五代史,五代两宋辽金,835200,蛇—ta系统,鸣蛇,鸣蛇 / 鳴蛇,0,0,0.0
18,旧五代史,五代两宋辽金,835200,娲—娃—蛙系统,娲,娲 / 媧,0,0,0.0
18,旧五代史,五代两宋辽金,835200,娲—娃—蛙系统,女娲,女娲 / 女媧,0,0,0.0
18,旧五代史,五代两宋辽金,835200,娲—娃—蛙系统,娃,娃,0,0,0.0
18,旧五代史,五代两宋辽金,835200,娲—娃—蛙系统,女娃,女娃,0,0,0.0
18,旧五代史,五代两宋辽金,835200,娲—娃—蛙系统,蛙,蛙,1,1,1.1973180076628351
18,旧五代史,五代两宋辽金,835200,娲—娃—蛙系统,青蛙,青蛙,0,0,0.0
18,旧五代史,五代两宋辽金,835200,娲—娃—蛙系统,黾,黾 / 黽,3,3,3.5919540229885056
18,旧五代史,五代两宋辽金,835200,娲—娃—蛙系统,精卫,精卫 / 精衛,0,0,0.0
18,旧五代史,五代两宋辽金,835200,鸟—凤—风系统,鸟,鸟 / 鳥,20,20,23.946360153256705
18,旧五代史,五代两宋辽金,835200,鸟—凤—风系统,凤,凤 / 鳳,381,381,456.17816091954023
18,旧五代史,五代两宋辽金,835200,鸟—凤—风系统,凤凰,凤凰 / 鳳凰 / 凤皇 / 鳳皇,0,0,0.0
18,旧五代史,五代两宋辽金,835200,鸟—凤—风系统,玄鸟,玄鸟 / 玄鳥,0,0,0.0
18,旧五代史,五代两宋辽金,835200,鸟—凤—风系统,朱鸟朱雀,朱鸟 / 朱鳥 / 朱雀,0,0,0.0
18,旧五代史,五代两宋辽金,835200,鸟—凤—风系统,精卫,精卫 / 精衛,0,0,0.0
18,旧五代史,五代两宋辽金,835200,鸟—凤—风系统,风,风 / 風,251,251,300.52681992337165
18,旧五代史,五代两宋辽金,835200,鸟—凤—风系统,皇,皇,1712,1712,2049.8084291187743
19,新五代史,五代两宋辽金,364360,蛇—ta系统,他,他,18,18,49.401690635635084
19,新五代史,五代两宋辽金,364360,蛇—ta系统,她,她,0,0,0.0
19,新五代史,五代两宋辽金,364360,蛇—ta系统,它,它,5,5,13.722691843231969
19,新五代史,五代两宋辽金,364360,蛇—ta系统,蛇,蛇 / 虵,7,7,19.211768580524755
19,新五代史,五代两宋辽金,364360,蛇—ta系统,也,也,1561,1561,4284.22439345702
19,新五代史,五代两宋辽金,364360,蛇—ta系统,佗,佗,54,54,148.20507190690526
19,新五代史,五代两宋辽金,364360,蛇—ta系统,牠,牠,0,0,0.0
19,新五代史,五代两宋辽金,364360,蛇—ta系统,姐姊,姐 / 姊,3,3,8.233615105939181
19,新五代史,五代两宋辽金,364360,蛇—ta系统,巳,巳,111,111,304.6437589197497
19,新五代史,五代两宋辽金,364360,蛇—ta系统,虺,虺,0,0,0.0
19,新五代史,五代两宋辽金,364360,蛇—ta系统,螣蛇,螣蛇 / 腾蛇 / 騰蛇,1,1,2.7445383686463938
19,新五代史,五代两宋辽金,364360,蛇—ta系统,巴蛇,巴蛇,0,0,0.0
19,新五代史,五代两宋辽金,364360,蛇—ta系统,化蛇,化蛇,0,0,0.0
19,新五代史,五代两宋辽金,364360,蛇—ta系统,鸣蛇,鸣蛇 / 鳴蛇,0,0,0.0
19,新五代史,五代两宋辽金,364360,娲—娃—蛙系统,娲,娲 / 媧,0,0,0.0
19,新五代史,五代两宋辽金,364360,娲—娃—蛙系统,女娲,女娲 / 女媧,0,0,0.0
19,新五代史,五代两宋辽金,364360,娲—娃—蛙系统,娃,娃,0,0,0.0
19,新五代史,五代两宋辽金,364360,娲—娃—蛙系统,女娃,女娃,0,0,0.0
19,新五代史,五代两宋辽金,364360,娲—娃—蛙系统,蛙,蛙,0,0,0.0
19,新五代史,五代两宋辽金,364360,娲—娃—蛙系统,青蛙,青蛙,0,0,0.0
19,新五代史,五代两宋辽金,364360,娲—娃—蛙系统,黾,黾 / 黽,0,0,0.0
19,新五代史,五代两宋辽金,364360,娲—娃—蛙系统,精卫,精卫 / 精衛,0,0,0.0
19,新五代史,五代两宋辽金,364360,鸟—凤—风系统,鸟,鸟 / 鳥,15,15,41.168075529695905
19,新五代史,五代两宋辽金,364360,鸟—凤—风系统,凤,凤 / 鳳,218,218,598.3093643649138
19,新五代史,五代两宋辽金,364360,鸟—凤—风系统,凤凰,凤凰 / 鳳凰 / 凤皇 / 鳳皇,5,5,13.722691843231969
19,新五代史,五代两宋辽金,364360,鸟—凤—风系统,玄鸟,玄鸟 / 玄鳥,2,2,5.4890767372927876
19,新五代史,五代两宋辽金,364360,鸟—凤—风系统,朱鸟朱雀,朱鸟 / 朱鳥 / 朱雀,0,0,0.0
19,新五代史,五代两宋辽金,364360,鸟—凤—风系统,精卫,精卫 / 精衛,0,0,0.0
19,新五代史,五代两宋辽金,364360,鸟—凤—风系统,风,风 / 風,63,63,172.9059172247228
19,新五代史,五代两宋辽金,364360,鸟—凤—风系统,皇,皇,497,497,1364.0355692172577
20,宋史,五代两宋辽金,5001909,蛇—ta系统,他,他,1255,1255,250.90420477461706
20,宋史,五代两宋辽金,5001909,蛇—ta系统,她,她,0,0,0.0
20,宋史,五代两宋辽金,5001909,蛇—ta系统,它,它,106,106,21.191908929170843
20,宋史,五代两宋辽金,5001909,蛇—ta系统,蛇,蛇 / 虵,111,111,22.191527274886447
20,宋史,五代两宋辽金,5001909,蛇—ta系统,也,也,9830,9830,1965.2496676768808
20,宋史,五代两宋辽金,5001909,蛇—ta系统,佗,佗,11,11,2.1991603605743326
20,宋史,五代两宋辽金,5001909,蛇—ta系统,牠,牠,0,0,0.0
20,宋史,五代两宋辽金,5001909,蛇—ta系统,姐姊,姐 / 姊,42,42,8.396794104011088
20,宋史,五代两宋辽金,5001909,蛇—ta系统,巳,巳,2289,2289,457.6252786686043
20,宋史,五代两宋辽金,5001909,蛇—ta系统,虺,虺,3,3,0.5997710074293635
20,宋史,五代两宋辽金,5001909,蛇—ta系统,螣蛇,螣蛇 / 腾蛇 / 騰蛇,32,32,6.397557412579877
20,宋史,五代两宋辽金,5001909,蛇—ta系统,巴蛇,巴蛇,0,0,0.0
20,宋史,五代两宋辽金,5001909,蛇—ta系统,化蛇,化蛇,0,0,0.0
20,宋史,五代两宋辽金,5001909,蛇—ta系统,鸣蛇,鸣蛇 / 鳴蛇,0,0,0.0
20,宋史,五代两宋辽金,5001909,娲—娃—蛙系统,娲,娲 / 媧,1,1,0.19992366914312115
20,宋史,五代两宋辽金,5001909,娲—娃—蛙系统,女娲,女娲 / 女媧,0,0,0.0
20,宋史,五代两宋辽金,5001909,娲—娃—蛙系统,娃,娃,0,0,0.0
20,宋史,五代两宋辽金,5001909,娲—娃—蛙系统,女娃,女娃,0,0,0.0
20,宋史,五代两宋辽金,5001909,娲—娃—蛙系统,蛙,蛙,2,2,0.3998473382862423
20,宋史,五代两宋辽金,5001909,娲—娃—蛙系统,青蛙,青蛙,0,0,0.0
20,宋史,五代两宋辽金,5001909,娲—娃—蛙系统,黾,黾 / 黽,7,7,1.3994656840018482
20,宋史,五代两宋辽金,5001909,娲—娃—蛙系统,精卫,精卫 / 精衛,0,0,0.0
20,宋史,五代两宋辽金,5001909,鸟—凤—风系统,鸟,鸟 / 鳥,81,81,16.193817200592814
20,宋史,五代两宋辽金,5001909,鸟—凤—风系统,凤,凤 / 鳳,949,949,189.72756201682196
20,宋史,五代两宋辽金,5001909,鸟—凤—风系统,凤凰,凤凰 / 鳳凰 / 凤皇 / 鳳皇,20,20,3.998473382862423
20,宋史,五代两宋辽金,5001909,鸟—凤—风系统,玄鸟,玄鸟 / 玄鳥,1,1,0.19992366914312115
20,宋史,五代两宋辽金,5001909,鸟—凤—风系统,朱鸟朱雀,朱鸟 / 朱鳥 / 朱雀,28,28,5.597862736007393
20,宋史,五代两宋辽金,5001909,鸟—凤—风系统,精卫,精卫 / 精衛,0,0,0.0
20,宋史,五代两宋辽金,5001909,鸟—凤—风系统,风,风 / 風,1860,1860,371.85802460620533
20,宋史,五代两宋辽金,5001909,鸟—凤—风系统,皇,皇,5651,5651,1129.7686543277778
21,辽史,五代两宋辽金,360832,蛇—ta系统,他,他,47,47,130.25452288045406
21,辽史,五代两宋辽金,360832,蛇—ta系统,她,她,0,0,0.0
21,辽史,五代两宋辽金,360832,蛇—ta系统,它,它,4,4,11.085491308974813
21,辽史,五代两宋辽金,360832,蛇—ta系统,蛇,蛇 / 虵,13,13,36.027846754168145
21,辽史,五代两宋辽金,360832,蛇—ta系统,也,也,557,557,1543.6546647747427
21,辽史,五代两宋辽金,360832,蛇—ta系统,佗,佗,0,0,0.0
21,辽史,五代两宋辽金,360832,蛇—ta系统,牠,牠,0,0,0.0
21,辽史,五代两宋辽金,360832,蛇—ta系统,姐姊,姐 / 姊,8,8,22.170982617949626
21,辽史,五代两宋辽金,360832,蛇—ta系统,巳,巳,331,331,917.3244058176659
21,辽史,五代两宋辽金,360832,蛇—ta系统,虺,虺,0,0,0.0
21,辽史,五代两宋辽金,360832,蛇—ta系统,螣蛇,螣蛇 / 腾蛇 / 騰蛇,0,0,0.0
21,辽史,五代两宋辽金,360832,蛇—ta系统,巴蛇,巴蛇,0,0,0.0
21,辽史,五代两宋辽金,360832,蛇—ta系统,化蛇,化蛇,0,0,0.0
21,辽史,五代两宋辽金,360832,蛇—ta系统,鸣蛇,鸣蛇 / 鳴蛇,0,0,0.0
21,辽史,五代两宋辽金,360832,娲—娃—蛙系统,娲,娲 / 媧,0,0,0.0
21,辽史,五代两宋辽金,360832,娲—娃—蛙系统,女娲,女娲 / 女媧,0,0,0.0
21,辽史,五代两宋辽金,360832,娲—娃—蛙系统,娃,娃,0,0,0.0
21,辽史,五代两宋辽金,360832,娲—娃—蛙系统,女娃,女娃,0,0,0.0
21,辽史,五代两宋辽金,360832,娲—娃—蛙系统,蛙,蛙,1,1,2.7713728272437033
21,辽史,五代两宋辽金,360832,娲—娃—蛙系统,青蛙,青蛙,0,0,0.0
21,辽史,五代两宋辽金,360832,娲—娃—蛙系统,黾,黾 / 黽,0,0,0.0
21,辽史,五代两宋辽金,360832,娲—娃—蛙系统,精卫,精卫 / 精衛,0,0,0.0
21,辽史,五代两宋辽金,360832,鸟—凤—风系统,鸟,鸟 / 鳥,14,14,38.79921958141185
21,辽史,五代两宋辽金,360832,鸟—凤—风系统,凤,凤 / 鳳,23,23,63.741575026605176
21,辽史,五代两宋辽金,360832,鸟—凤—风系统,凤凰,凤凰 / 鳳凰 / 凤皇 / 鳳皇,3,3,8.31411848173111
21,辽史,五代两宋辽金,360832,鸟—凤—风系统,玄鸟,玄鸟 / 玄鳥,0,0,0.0
21,辽史,五代两宋辽金,360832,鸟—凤—风系统,朱鸟朱雀,朱鸟 / 朱鳥 / 朱雀,0,0,0.0
21,辽史,五代两宋辽金,360832,鸟—凤—风系统,精卫,精卫 / 精衛,0,0,0.0
21,辽史,五代两宋辽金,360832,鸟—凤—风系统,风,风 / 風,82,82,227.25257183398367
21,辽史,五代两宋辽金,360832,鸟—凤—风系统,皇,皇,1434,1434,3974.1486342674702
22,金史,五代两宋辽金,1150243,蛇—ta系统,他,他,255,255,221.69228589089434
22,金史,五代两宋辽金,1150243,蛇—ta系统,她,她,0,0,0.0
22,金史,五代两宋辽金,1150243,蛇—ta系统,它,它,37,37,32.16711599201212
22,金史,五代两宋辽金,1150243,蛇—ta系统,蛇,蛇 / 虵,18,18,15.648867239357248
22,金史,五代两宋辽金,1150243,蛇—ta系统,也,也,2605,2605,2264.738842140313
22,金史,五代两宋辽金,1150243,蛇—ta系统,佗,佗,0,0,0.0
22,金史,五代两宋辽金,1150243,蛇—ta系统,牠,牠,0,0,0.0
22,金史,五代两宋辽金,1150243,蛇—ta系统,姐姊,姐 / 姊,15,15,13.040722699464373
22,金史,五代两宋辽金,1150243,蛇—ta系统,巳,巳,492,492,427.73570454243145
22,金史,五代两宋辽金,1150243,蛇—ta系统,虺,虺,4,4,3.4775260531905
22,金史,五代两宋辽金,1150243,蛇—ta系统,螣蛇,螣蛇 / 腾蛇 / 騰蛇,17,17,14.779485726059624
22,金史,五代两宋辽金,1150243,蛇—ta系统,巴蛇,巴蛇,0,0,0.0
22,金史,五代两宋辽金,1150243,蛇—ta系统,化蛇,化蛇,0,0,0.0
22,金史,五代两宋辽金,1150243,蛇—ta系统,鸣蛇,鸣蛇 / 鳴蛇,0,0,0.0
22,金史,五代两宋辽金,1150243,娲—娃—蛙系统,娲,娲 / 媧,2,2,1.73876302659525
22,金史,五代两宋辽金,1150243,娲—娃—蛙系统,女娲,女娲 / 女媧,2,2,1.73876302659525
22,金史,五代两宋辽金,1150243,娲—娃—蛙系统,娃,娃,0,0,0.0
22,金史,五代两宋辽金,1150243,娲—娃—蛙系统,女娃,女娃,0,0,0.0
22,金史,五代两宋辽金,1150243,娲—娃—蛙系统,蛙,蛙,0,0,0.0
22,金史,五代两宋辽金,1150243,娲—娃—蛙系统,青蛙,青蛙,0,0,0.0
22,金史,五代两宋辽金,1150243,娲—娃—蛙系统,黾,黾 / 黽,1,1,0.869381513297625
22,金史,五代两宋辽金,1150243,娲—娃—蛙系统,精卫,精卫 / 精衛,0,0,0.0
22,金史,五代两宋辽金,1150243,鸟—凤—风系统,鸟,鸟 / 鳥,11,11,9.563196646273875
22,金史,五代两宋辽金,1150243,鸟—凤—风系统,凤,凤 / 鳳,201,201,174.74568417282262
22,金史,五代两宋辽金,1150243,鸟—凤—风系统,凤凰,凤凰 / 鳳凰 / 凤皇 / 鳳皇,7,7,6.085670593083375
22,金史,五代两宋辽金,1150243,鸟—凤—风系统,玄鸟,玄鸟 / 玄鳥,0,0,0.0
22,金史,五代两宋辽金,1150243,鸟—凤—风系统,朱鸟朱雀,朱鸟 / 朱鳥 / 朱雀,4,4,3.4775260531905
22,金史,五代两宋辽金,1150243,鸟—凤—风系统,精卫,精卫 / 精衛,0,0,0.0
22,金史,五代两宋辽金,1150243,鸟—凤—风系统,风,风 / 風,327,327,284.28775484832335
22,金史,五代两宋辽金,1150243,鸟—凤—风系统,皇,皇,1920,1920,1669.2125055314398
23,元史,元,1939733,蛇—ta系统,他,他,369,369,190.2323670319575
23,元史,元,1939733,蛇—ta系统,她,她,1,1,0.5155348700053048
23,元史,元,1939733,蛇—ta系统,它,它,30,30,15.466046100159145
23,元史,元,1939733,蛇—ta系统,蛇,蛇 / 虵,58,58,29.901022460307683
23,元史,元,1939733,蛇—ta系统,也,也,3491,3491,1799.7322311885193
23,元史,元,1939733,蛇—ta系统,佗,佗,4,4,2.0621394800212194
23,元史,元,1939733,蛇—ta系统,牠,牠,0,0,0.0
23,元史,元,1939733,蛇—ta系统,姐姊,姐 / 姊,22,22,11.341767140116707
23,元史,元,1939733,蛇—ta系统,巳,巳,1194,1194,615.548634786334
23,元史,元,1939733,蛇—ta系统,虺,虺,0,0,0.0
23,元史,元,1939733,蛇—ta系统,螣蛇,螣蛇 / 腾蛇 / 騰蛇,18,18,9.279627660095487
23,元史,元,1939733,蛇—ta系统,巴蛇,巴蛇,0,0,0.0
23,元史,元,1939733,蛇—ta系统,化蛇,化蛇,0,0,0.0
23,元史,元,1939733,蛇—ta系统,鸣蛇,鸣蛇 / 鳴蛇,0,0,0.0
23,元史,元,1939733,娲—娃—蛙系统,娲,娲 / 媧,5,5,2.5776743500265242
23,元史,元,1939733,娲—娃—蛙系统,女娲,女娲 / 女媧,2,2,1.0310697400106097
23,元史,元,1939733,娲—娃—蛙系统,娃,娃,8,8,4.124278960042439
23,元史,元,1939733,娲—娃—蛙系统,女娃,女娃,0,0,0.0
23,元史,元,1939733,娲—娃—蛙系统,蛙,蛙,2,2,1.0310697400106097
23,元史,元,1939733,娲—娃—蛙系统,青蛙,青蛙,0,0,0.0
23,元史,元,1939733,娲—娃—蛙系统,黾,黾 / 黽,4,4,2.0621394800212194
23,元史,元,1939733,娲—娃—蛙系统,精卫,精卫 / 精衛,0,0,0.0
23,元史,元,1939733,鸟—凤—风系统,鸟,鸟 / 鳥,34,34,17.528185580180367
23,元史,元,1939733,鸟—凤—风系统,凤,凤 / 鳳,292,292,150.536182041549
23,元史,元,1939733,鸟—凤—风系统,凤凰,凤凰 / 鳳凰 / 凤皇 / 鳳皇,6,6,3.093209220031829
23,元史,元,1939733,鸟—凤—风系统,玄鸟,玄鸟 / 玄鳥,2,2,1.0310697400106097
23,元史,元,1939733,鸟—凤—风系统,朱鸟朱雀,朱鸟 / 朱鳥 / 朱雀,15,15,7.733023050079573
23,元史,元,1939733,鸟—凤—风系统,精卫,精卫 / 精衛,0,0,0.0
23,元史,元,1939733,鸟—凤—风系统,风,风 / 風,603,603,310.86752661319883
23,元史,元,1939733,鸟—凤—风系统,皇,皇,2412,2412,1243.4701064527953
24,明史,明,3434258,蛇—ta系统,他,他,1038,1038,302.2486953513685
24,明史,明,3434258,蛇—ta系统,她,她,0,0,0.0
24,明史,明,3434258,蛇—ta系统,它,它,2,2,0.5823674284226753
24,明史,明,3434258,蛇—ta系统,蛇,蛇 / 虵,68,68,19.800492566370963
24,明史,明,3434258,蛇—ta系统,也,也,7176,7176,2089.534333180559
24,明史,明,3434258,蛇—ta系统,佗,佗,5,5,1.4559185710566882
24,明史,明,3434258,蛇—ta系统,牠,牠,0,0,0.0
24,明史,明,3434258,蛇—ta系统,姐姊,姐 / 姊,60,60,17.471022852680257
24,明史,明,3434258,蛇—ta系统,巳,巳,748,748,217.80541823008056
24,明史,明,3434258,蛇—ta系统,虺,虺,4,4,1.1647348568453506
24,明史,明,3434258,蛇—ta系统,螣蛇,螣蛇 / 腾蛇 / 騰蛇,5,5,1.4559185710566882
24,明史,明,3434258,蛇—ta系统,巴蛇,巴蛇,0,0,0.0
24,明史,明,3434258,蛇—ta系统,化蛇,化蛇,0,0,0.0
24,明史,明,3434258,蛇—ta系统,鸣蛇,鸣蛇 / 鳴蛇,0,0,0.0
24,明史,明,3434258,娲—娃—蛙系统,娲,娲 / 媧,8,8,2.329469713690701
24,明史,明,3434258,娲—娃—蛙系统,女娲,女娲 / 女媧,1,1,0.29118371421133765
24,明史,明,3434258,娲—娃—蛙系统,娃,娃,0,0,0.0
24,明史,明,3434258,娲—娃—蛙系统,女娃,女娃,0,0,0.0
24,明史,明,3434258,娲—娃—蛙系统,蛙,蛙,5,5,1.4559185710566882
24,明史,明,3434258,娲—娃—蛙系统,青蛙,青蛙,1,1,0.29118371421133765
24,明史,明,3434258,娲—娃—蛙系统,黾,黾 / 黽,2,2,0.5823674284226753
24,明史,明,3434258,娲—娃—蛙系统,精卫,精卫 / 精衛,0,0,0.0
24,明史,明,3434258,鸟—凤—风系统,鸟,鸟 / 鳥,66,66,19.218125137948284
24,明史,明,3434258,鸟—凤—风系统,凤,凤 / 鳳,1300,1300,378.5388284747389
24,明史,明,3434258,鸟—凤—风系统,凤凰,凤凰 / 鳳凰 / 凤皇 / 鳳皇,32,32,9.317878854762805
24,明史,明,3434258,鸟—凤—风系统,玄鸟,玄鸟 / 玄鳥,0,0,0.0
24,明史,明,3434258,鸟—凤—风系统,朱鸟朱雀,朱鸟 / 朱鳥 / 朱雀,7,7,2.038285999479364
24,明史,明,3434258,鸟—凤—风系统,精卫,精卫 / 精衛,0,0,0.0
24,明史,明,3434258,鸟—凤—风系统,风,风 / 風,1252,1252,364.56201019259476
24,明史,明,3434258,鸟—凤—风系统,皇,皇,3663,3663,1066.6059451561298
附25,新元史,新元史扩展,2027141,蛇—ta系统,他,他,383,383,188.9360434227318
附25,新元史,新元史扩展,2027141,蛇—ta系统,她,她,0,0,0.0
附25,新元史,新元史扩展,2027141,蛇—ta系统,它,它,24,24,11.83933431369599
附25,新元史,新元史扩展,2027141,蛇—ta系统,蛇,蛇 / 虵,77,77,37.98453092310796
附25,新元史,新元史扩展,2027141,蛇—ta系统,也,也,4061,4061,2003.3140269966418
附25,新元史,新元史扩展,2027141,蛇—ta系统,佗,佗,1,1,0.4933055964039995
附25,新元史,新元史扩展,2027141,蛇—ta系统,牠,牠,0,0,0.0
附25,新元史,新元史扩展,2027141,蛇—ta系统,姐姊,姐 / 姊,37,37,18.252307066947985
附25,新元史,新元史扩展,2027141,蛇—ta系统,巳,巳,696,696,343.3406950971837
附25,新元史,新元史扩展,2027141,蛇—ta系统,虺,虺,0,0,0.0
附25,新元史,新元史扩展,2027141,蛇—ta系统,螣蛇,螣蛇 / 腾蛇 / 騰蛇,3,3,1.4799167892119987
附25,新元史,新元史扩展,2027141,蛇—ta系统,巴蛇,巴蛇,0,0,0.0
附25,新元史,新元史扩展,2027141,蛇—ta系统,化蛇,化蛇,0,0,0.0
附25,新元史,新元史扩展,2027141,蛇—ta系统,鸣蛇,鸣蛇 / 鳴蛇,0,0,0.0
附25,新元史,新元史扩展,2027141,娲—娃—蛙系统,娲,娲 / 媧,4,4,1.973222385615998
附25,新元史,新元史扩展,2027141,娲—娃—蛙系统,女娲,女娲 / 女媧,2,2,0.986611192807999
附25,新元史,新元史扩展,2027141,娲—娃—蛙系统,娃,娃,3,3,1.4799167892119987
附25,新元史,新元史扩展,2027141,娲—娃—蛙系统,女娃,女娃,0,0,0.0
附25,新元史,新元史扩展,2027141,娲—娃—蛙系统,蛙,蛙,5,5,2.466527982019998
附25,新元史,新元史扩展,2027141,娲—娃—蛙系统,青蛙,青蛙,0,0,0.0
附25,新元史,新元史扩展,2027141,娲—娃—蛙系统,黾,黾 / 黽,4,4,1.973222385615998
附25,新元史,新元史扩展,2027141,娲—娃—蛙系统,精卫,精卫 / 精衛,1,1,0.4933055964039995
附25,新元史,新元史扩展,2027141,鸟—凤—风系统,鸟,鸟 / 鳥,56,56,27.625113398623974
附25,新元史,新元史扩展,2027141,鸟—凤—风系统,凤,凤 / 鳳,270,270,133.19251102907987
附25,新元史,新元史扩展,2027141,鸟—凤—风系统,凤凰,凤凰 / 鳳凰 / 凤皇 / 鳳皇,6,6,2.9598335784239973
附25,新元史,新元史扩展,2027141,鸟—凤—风系统,玄鸟,玄鸟 / 玄鳥,1,1,0.4933055964039995
附25,新元史,新元史扩展,2027141,鸟—凤—风系统,朱鸟朱雀,朱鸟 / 朱鳥 / 朱雀,16,16,7.892889542463992
附25,新元史,新元史扩展,2027141,鸟—凤—风系统,精卫,精卫 / 精衛,1,1,0.4933055964039995
附25,新元史,新元史扩展,2027141,鸟—凤—风系统,风,风 / 風,635,635,313.2490537165397
附25,新元史,新元史扩展,2027141,鸟—凤—风系统,皇,皇,2749,2749,1356.0970845145946
附26,清史稿,清史稿扩展,5391829,蛇—ta系统,他,他,1068,1068,198.0774983776377
附26,清史稿,清史稿扩展,5391829,蛇—ta系统,她,她,0,0,0.0
附26,清史稿,清史稿扩展,5391829,蛇—ta系统,它,它,16,16,2.967453159215546
附26,清史稿,清史稿扩展,5391829,蛇—ta系统,蛇,蛇 / 虵,70,70,12.982607571568014
附26,清史稿,清史稿扩展,5391829,蛇—ta系统,也,也,5556,5556,1030.4481095375984
附26,清史稿,清史稿扩展,5391829,蛇—ta系统,佗,佗,4,4,0.7418632898038865
附26,清史稿,清史稿扩展,5391829,蛇—ta系统,牠,牠,0,0,0.0
附26,清史稿,清史稿扩展,5391829,蛇—ta系统,姐姊,姐 / 姊,90,90,16.691924020587447
附26,清史稿,清史稿扩展,5391829,蛇—ta系统,巳,巳,2214,2214,410.62133090645125
附26,清史稿,清史稿扩展,5391829,蛇—ta系统,虺,虺,7,7,1.2982607571568014
附26,清史稿,清史稿扩展,5391829,蛇—ta系统,螣蛇,螣蛇 / 腾蛇 / 騰蛇,4,4,0.7418632898038865
附26,清史稿,清史稿扩展,5391829,蛇—ta系统,巴蛇,巴蛇,0,0,0.0
附26,清史稿,清史稿扩展,5391829,蛇—ta系统,化蛇,化蛇,0,0,0.0
附26,清史稿,清史稿扩展,5391829,蛇—ta系统,鸣蛇,鸣蛇 / 鳴蛇,0,0,0.0
附26,清史稿,清史稿扩展,5391829,娲—娃—蛙系统,娲,娲 / 媧,8,8,1.483726579607773
附26,清史稿,清史稿扩展,5391829,娲—娃—蛙系统,女娲,女娲 / 女媧,6,6,1.11279493470583
附26,清史稿,清史稿扩展,5391829,娲—娃—蛙系统,娃,娃,22,22,4.0802480939213766
附26,清史稿,清史稿扩展,5391829,娲—娃—蛙系统,女娃,女娃,0,0,0.0
附26,清史稿,清史稿扩展,5391829,娲—娃—蛙系统,蛙,蛙,4,4,0.7418632898038865
附26,清史稿,清史稿扩展,5391829,娲—娃—蛙系统,青蛙,青蛙,0,0,0.0
附26,清史稿,清史稿扩展,5391829,娲—娃—蛙系统,黾,黾 / 黽,20,20,3.709316449019433
附26,清史稿,清史稿扩展,5391829,娲—娃—蛙系统,精卫,精卫 / 精衛,0,0,0.0
附26,清史稿,清史稿扩展,5391829,鸟—凤—风系统,鸟,鸟 / 鳥,232,232,43.02807080862542
附26,清史稿,清史稿扩展,5391829,鸟—凤—风系统,凤,凤 / 鳳,1654,1654,306.7604703339071
附26,清史稿,清史稿扩展,5391829,鸟—凤—风系统,凤凰,凤凰 / 鳳凰 / 凤皇 / 鳳皇,217,217,40.24608347186085
附26,清史稿,清史稿扩展,5391829,鸟—凤—风系统,玄鸟,玄鸟 / 玄鳥,5,5,0.9273291122548583
附26,清史稿,清史稿扩展,5391829,鸟—凤—风系统,朱鸟朱雀,朱鸟 / 朱鳥 / 朱雀,6,6,1.11279493470583
附26,清史稿,清史稿扩展,5391829,鸟—凤—风系统,精卫,精卫 / 精衛,0,0,0.0
附26,清史稿,清史稿扩展,5391829,鸟—凤—风系统,风,风 / 風,2080,2080,385.76891069802105
附26,清史稿,清史稿扩展,5391829,鸟—凤—风系统,皇,皇,4032,4032,747.7981961223177
