query,hit_rank,corpus_id,source_file,unit_no,locator_type,sha1,fts_query
蚩尤,1,GCI-HOLD-0003,01史记.txt,4,line,a7898061207f1dd64627535d4e6924002d60c788,"""蚩 尤"""
蚩尤,2,GCI-HOLD-0003,01史记.txt,76,line,de35265f2e4a888cfda6beb65ed7b9a720cba218,"""蚩 尤"""
蚩尤,3,GCI-HOLD-0003,01史记.txt,433,line,5ed732c3c39088bc2b9561babe48fd0e8af4a3b2,"""蚩 尤"""
蚩尤,4,GCI-HOLD-0003,01史记.txt,1172,line,5d6afa5d2a555e62f1858d4809f4927e56279efd,"""蚩 尤"""
蚩尤,5,GCI-HOLD-0003,01史记.txt,1201,line,c21f1ef259195c050178ca9275df771d866d0c43,"""蚩 尤"""
蚩尤,6,GCI-HOLD-0003,01史记.txt,1203,line,92cc4b798d5fb85b0ba67937417d91bed910ba8b,"""蚩 尤"""
蚩尤,7,GCI-HOLD-0003,01史记.txt,1231,line,b51d2ebe339013fb5ad6be529ac230c66ce331ff,"""蚩 尤"""
蚩尤,8,GCI-HOLD-0003,01史记.txt,1245,line,17a5e49717deb5f84ed8fd60b4f6da719ba8b54c,"""蚩 尤"""
蚩尤,9,GCI-HOLD-0003,01史记.txt,1247,line,321c8be8141269e7b3e86558be09fb6537e80f81,"""蚩 尤"""
蚩尤,10,GCI-HOLD-0003,01史记.txt,3943,line,679b9ba976d03e2d3713f7646a6b7e8d25f2069c,"""蚩 尤"""
蚩尤,11,GCI-HOLD-0003,02汉书.txt,13,line,53e37633dd1d3a5ada730f600090d8d68dd7d883,"""蚩 尤"""
蚩尤,12,GCI-HOLD-0003,02汉书.txt,1774,line,edc652b5f3ebac7b4144101f5bef19f3378cd88e,"""蚩 尤"""
蚩尤,13,GCI-HOLD-0003,02汉书.txt,1788,line,21d324adc67e46f854900233eb5e5bb4aea7c440,"""蚩 尤"""
蚩尤,14,GCI-HOLD-0003,02汉书.txt,1790,line,6b24f829aee8e2f866c3174bcf7ab321ebb6a38e,"""蚩 尤"""
蚩尤,15,GCI-HOLD-0003,02汉书.txt,1856,line,1f4141af2d8a163b566be19be273bf396985c84d,"""蚩 尤"""
蚩尤,16,GCI-HOLD-0003,02汉书.txt,1866,line,48135abf07eb6d938465ad40fbdc01397f8cc05a,"""蚩 尤"""
蚩尤,17,GCI-HOLD-0003,02汉书.txt,1955,line,5d6afa5d2a555e62f1858d4809f4927e56279efd,"""蚩 尤"""
蚩尤,18,GCI-HOLD-0003,02汉书.txt,2438,line,fdcd7b048f02ea44dab812be5d9b6f7f50533bdd,"""蚩 尤"""
蚩尤,19,GCI-HOLD-0003,02汉书.txt,2496,line,dd4bd5ca16d8c4c48b55a2c8e58fdf3c7a6a5b8a,"""蚩 尤"""
蚩尤,20,GCI-HOLD-0003,02汉书.txt,3146,line,75a94ab6873e1cd59dd7bf5019c2592d427080a6,"""蚩 尤"""
蚩尤,21,GCI-HOLD-0003,02汉书.txt,4739,line,865be79a7a83f2a33e7ac582bcf4d8be47279b2d,"""蚩 尤"""
蚩尤,22,GCI-HOLD-0003,02汉书.txt,5758,line,2a0d2b74a959ee9f6359da1999005a766d7ed804,"""蚩 尤"""
蚩尤,23,GCI-HOLD-0003,02汉书.txt,5776,line,cfd77b0e97e7448a5a623bbf0c8f74300158da7f,"""蚩 尤"""
蚩尤,24,GCI-HOLD-0003,02汉书.txt,6769,line,500e82bc3b42b603597b321e1bfd8058bc2a7adb,"""蚩 尤"""
蚩尤,25,GCI-HOLD-0003,03后汉书.txt,1671,line,a7da32a1dec027123578a6633aed754cb21cf3fe,"""蚩 尤"""
炎帝,1,GCI-HOLD-0003,01史记.txt,4,line,a7898061207f1dd64627535d4e6924002d60c788,"""炎 帝"""
炎帝,2,GCI-HOLD-0003,01史记.txt,1221,line,b13e8a3caa569dd268541610db73fd123341fce1,"""炎 帝"""
炎帝,3,GCI-HOLD-0003,01史记.txt,1224,line,89ef28812d1f93be8ebd654fe3661e970b83391c,"""炎 帝"""
炎帝,4,GCI-HOLD-0003,02汉书.txt,1476,line,06421b84de18d0f6ece5f02d8ab7518dc96ae24f,"""炎 帝"""
炎帝,5,GCI-HOLD-0003,02汉书.txt,1478,line,71aec76a55f85090691a962c1f8b5856c314e972,"""炎 帝"""
炎帝,6,GCI-HOLD-0003,02汉书.txt,1479,line,1fcfb0642e0cf20a7e87802e57b6665200e37aa8,"""炎 帝"""
炎帝,7,GCI-HOLD-0003,02汉书.txt,1763,line,385badfd7ccf39f714c929f0dea842c48b8446d7,"""炎 帝"""
炎帝,8,GCI-HOLD-0003,02汉书.txt,1767,line,5fb09e9fd4100549c50f17d5d81760bf5c42603b,"""炎 帝"""
炎帝,9,GCI-HOLD-0003,02汉书.txt,1876,line,4ca245b156e38f66e71676ef4946f93348d37c0b,"""炎 帝"""
炎帝,10,GCI-HOLD-0003,02汉书.txt,2507,line,9fd73c81bc6d8e92cb268a5b5ced89f373ac9a38,"""炎 帝"""
炎帝,11,GCI-HOLD-0003,02汉书.txt,5242,line,1aa1cfaeac5bb1b1cbed3e7d987a255e152497f1,"""炎 帝"""
炎帝,12,GCI-HOLD-0003,05晋书.txt,1303,line,80addc1328e88a87d79e6b2f64c4a36cef5b21ec,"""炎 帝"""
炎帝,13,GCI-HOLD-0003,06宋书.txt,2035,line,9f3255d1d4a2d2c8d921251b46ae8471eac09edd,"""炎 帝"""
炎帝,14,GCI-HOLD-0003,08梁书.txt,1169,line,a64a5f720b73ca1042e047add6f70e597a821f07,"""炎 帝"""
炎帝,15,GCI-HOLD-0003,08梁书.txt,1556,line,d8c5a812ea59afc25a541c45aa0ecacecc272842,"""炎 帝"""
炎帝,16,GCI-HOLD-0003,10魏书.txt,3680,line,4f7a505fb5dc8c31e9e78ce42421972bb5e71c03,"""炎 帝"""
炎帝,17,GCI-HOLD-0003,12周书.txt,5,line,18be902dbae7f4564e0590d16d9f0aca49d29c3c,"""炎 帝"""
炎帝,18,GCI-HOLD-0003,13隋书.txt,124,line,2e27964e90d8080c7593e9cfaaf537f44308af53,"""炎 帝"""
炎帝,19,GCI-HOLD-0003,13隋书.txt,1370,line,d1fc027da3bedcb7866e7d255071541bfe140ca1,"""炎 帝"""
炎帝,20,GCI-HOLD-0003,14北史.txt,406,line,099f2eccbf1940e67114899211b95e79f2a9bebb,"""炎 帝"""
炎帝,21,GCI-HOLD-0003,16旧唐书.txt,1233,line,5082bf9feddfc770de26d15e707236fd3750ea3c,"""炎 帝"""
炎帝,22,GCI-HOLD-0003,17新唐书.txt,9762,line,ce4a9a1ef96eaa447705a40f65f56fb5ad3ac228,"""炎 帝"""
炎帝,23,GCI-HOLD-0003,17新唐书.txt,9771,line,74e6799b6d6dc21f7eab4eab5a23b59ee2d58fe1,"""炎 帝"""
炎帝,24,GCI-HOLD-0003,17新唐书.txt,9779,line,fd71be5d396a3f0421008726f51d43235bd5b867,"""炎 帝"""
炎帝,25,GCI-HOLD-0003,17新唐书.txt,12599,line,e79bdd7375d52429a5e438f0e75b17a5c19319bf,"""炎 帝"""
赤帝,1,GCI-HOLD-0003,01史记.txt,430,line,b5b55a7606cb23003b09a52459c702d6a5edc510,"""赤 帝"""
赤帝,2,GCI-HOLD-0003,01史记.txt,433,line,5ed732c3c39088bc2b9561babe48fd0e8af4a3b2,"""赤 帝"""
赤帝,3,GCI-HOLD-0003,01史记.txt,656,line,b224a86aa0110e25d79ee84068809e6c09b64b8f,"""赤 帝"""
赤帝,4,GCI-HOLD-0003,01史记.txt,1207,line,c5ce10aec09dcfa19a2c7ceb018f903ad19339e2,"""赤 帝"""
赤帝,5,GCI-HOLD-0003,01史记.txt,1245,line,17a5e49717deb5f84ed8fd60b4f6da719ba8b54c,"""赤 帝"""
赤帝,6,GCI-HOLD-0003,01史记.txt,1246,line,2d91c80043120acf1ae8a5ac3d1a48d42d20d491,"""赤 帝"""
赤帝,7,GCI-HOLD-0003,01史记.txt,1303,line,7999f9b776f43fab4147eeafab4f73f0c6360397,"""赤 帝"""
赤帝,8,GCI-HOLD-0003,02汉书.txt,10,line,67f054b87dd4c3069544bed5d3240652089edaf0,"""赤 帝"""
赤帝,9,GCI-HOLD-0003,02汉书.txt,13,line,53e37633dd1d3a5ada730f600090d8d68dd7d883,"""赤 帝"""
赤帝,10,GCI-HOLD-0003,02汉书.txt,1788,line,21d324adc67e46f854900233eb5e5bb4aea7c440,"""赤 帝"""
赤帝,11,GCI-HOLD-0003,02汉书.txt,1789,line,08ed850b1f1b90a36523c6019c44c7b653228be1,"""赤 帝"""
赤帝,12,GCI-HOLD-0003,02汉书.txt,1840,line,13a394b4c2263dc7e7c069a1e3773ae9a6a61630,"""赤 帝"""
赤帝,13,GCI-HOLD-0003,02汉书.txt,1879,line,28fd88d638229af9601ae1ab02bd0c3c47d06345,"""赤 帝"""
赤帝,14,GCI-HOLD-0003,02汉书.txt,6617,line,a4f29c1336019a78d29bfcb9ce8afc39482a7768,"""赤 帝"""
赤帝,15,GCI-HOLD-0003,02汉书.txt,6811,line,69257814bf5f74b95ccf37c592016f6326bd110b,"""赤 帝"""
赤帝,16,GCI-HOLD-0003,03后汉书.txt,7015,line,34c11bb17662fc77cec5cff72f2ab0ea35059f87,"""赤 帝"""
赤帝,17,GCI-HOLD-0003,03后汉书.txt,7017,line,9f102e7a7438952a9e09ad55974602c04175154a,"""赤 帝"""
赤帝,18,GCI-HOLD-0003,03后汉书.txt,7023,line,b0b5e4d739a959396347acb25e7c310cecfc4c53,"""赤 帝"""
赤帝,19,GCI-HOLD-0003,03后汉书.txt,7035,line,c0d0587155f2ac909af00a91894fbfbd6dfd565f,"""赤 帝"""
赤帝,20,GCI-HOLD-0003,04三国志.txt,141,line,596ee05f4af17565d36e8b546286227e732ccea2,"""赤 帝"""
赤帝,21,GCI-HOLD-0003,05晋书.txt,348,line,6be0edc0531b73563f532cc78114294250afd02b,"""赤 帝"""
赤帝,22,GCI-HOLD-0003,06宋书.txt,487,line,5c678632586d45e1a215afbd92c2c88aaf62d2b8,"""赤 帝"""
赤帝,23,GCI-HOLD-0003,06宋书.txt,1221,line,a8b6df65cf0acfec274bdeb2a36b070f51fae24d,"""赤 帝"""
赤帝,24,GCI-HOLD-0003,06宋书.txt,2045,line,4c2efffd1c36747086c01fd6bf35d7d217103d37,"""赤 帝"""
赤帝,25,GCI-HOLD-0003,06宋书.txt,2057,line,1534a42bc9c98c943746ddc9efbff0ae4fa05d06,"""赤 帝"""
黄帝,1,GCI-HOLD-0003,01史记.txt,4,line,a7898061207f1dd64627535d4e6924002d60c788,"""黄 帝"""
黄帝,2,GCI-HOLD-0003,01史记.txt,5,line,9c9125452c7050087f4342cb32990f952afa9744,"""黄 帝"""
黄帝,3,GCI-HOLD-0003,01史记.txt,6,line,421f5a62006e6fd006d7b04dbf54eb32a3722162,"""黄 帝"""
黄帝,4,GCI-HOLD-0003,01史记.txt,7,line,e06933324cd51db8702490660af1c81c782f9697,"""黄 帝"""
黄帝,5,GCI-HOLD-0003,01史记.txt,8,line,91e42db7d7c9325e5f091a23a968b54187410e54,"""黄 帝"""
黄帝,6,GCI-HOLD-0003,01史记.txt,10,line,f2d7f1bb7cacdd4053c1edca71ddafc0aff9b2cf,"""黄 帝"""
黄帝,7,GCI-HOLD-0003,01史记.txt,29,line,ba802375312e88fad6e760f7c259a320d54f9c16,"""黄 帝"""
黄帝,8,GCI-HOLD-0003,01史记.txt,30,line,416de23b98cb3a5bcd00939604c66dfaaa4944b1,"""黄 帝"""
黄帝,9,GCI-HOLD-0003,01史记.txt,33,line,9d964aead303fba8b2d5bf3d834c873a3f4f9ba9,"""黄 帝"""
黄帝,10,GCI-HOLD-0003,01史记.txt,122,line,f9b1d07d8ef1ab48de122934513db39ddc3bf253,"""黄 帝"""
黄帝,11,GCI-HOLD-0003,01史记.txt,220,line,1957d0704e6052a2c64479b2fb11b2dd07c76cc2,"""黄 帝"""
黄帝,12,GCI-HOLD-0003,01史记.txt,433,line,5ed732c3c39088bc2b9561babe48fd0e8af4a3b2,"""黄 帝"""
黄帝,13,GCI-HOLD-0003,01史记.txt,620,line,cfe3e60250f2fab4659e67a4b6a1dd4656107c34,"""黄 帝"""
黄帝,14,GCI-HOLD-0003,01史记.txt,622,line,657c0ac81b3d6a3b9a59508ad85e484aca1650f9,"""黄 帝"""
黄帝,15,GCI-HOLD-0003,01史记.txt,633,line,ca7da9da46b96c25776aad96bf4fcf2437b8110f,"""黄 帝"""
黄帝,16,GCI-HOLD-0003,01史记.txt,635,line,6c5161f1ecc4bb8e46eccb68df2701f44db5fa87,"""黄 帝"""
黄帝,17,GCI-HOLD-0003,01史记.txt,636,line,c96163fb3e26b8cfbc67b5d6506acea0ab3cd880,"""黄 帝"""
黄帝,18,GCI-HOLD-0003,01史记.txt,641,line,26844060fef4f2da8245170c6df95f72814cafe0,"""黄 帝"""
黄帝,19,GCI-HOLD-0003,01史记.txt,642,line,87ed8c34bbfb2bbe091a5c66e482b86340aad3b0,"""黄 帝"""
黄帝,20,GCI-HOLD-0003,01史记.txt,653,line,f7df3de18ca08b62808d797dbd370ddb314924f0,"""黄 帝"""
黄帝,21,GCI-HOLD-0003,01史记.txt,656,line,b224a86aa0110e25d79ee84068809e6c09b64b8f,"""黄 帝"""
黄帝,22,GCI-HOLD-0003,01史记.txt,659,line,0a9ab67ebf00933744dc94f0edc28365f0fbcc1a,"""黄 帝"""
黄帝,23,GCI-HOLD-0003,01史记.txt,662,line,e0181e530bdea9a9e15dc3266e0d18980fb56217,"""黄 帝"""
黄帝,24,GCI-HOLD-0003,01史记.txt,663,line,768378b3bb69ab0d51f6cddb5b93b1dac1d69368,"""黄 帝"""
黄帝,25,GCI-HOLD-0003,01史记.txt,670,line,6d89576d6bf7dd26185eba5166b2c154b9742834,"""黄 帝"""
共工,1,GCI-HOLD-0003,01史记.txt,15,line,456a1884344256e05829e09937f6ba1790f2d60f,"""共 工"""
共工,2,GCI-HOLD-0003,01史记.txt,18,line,ceaf3575d48c187249f2ba0c9089b9c24adccdfe,"""共 工"""
共工,3,GCI-HOLD-0003,01史记.txt,26,line,2a6acfe2b308c1ab1bb5ce5daa0eb36daf8e0a33,"""共 工"""
共工,4,GCI-HOLD-0003,01史记.txt,817,line,f8a7b58cbe6902fa7b9e504052e213c8fed2afad,"""共 工"""
共工,5,GCI-HOLD-0003,01史记.txt,1964,line,b3cc8466634e45f7e70d0af66b393ed32b49e70b,"""共 工"""
共工,6,GCI-HOLD-0003,02汉书.txt,1220,line,c891a1cdc1d59c70a249ae2e1ee40ebf48827440,"""共 工"""
共工,7,GCI-HOLD-0003,02汉书.txt,1235,line,87fb07ce2c76d62be7e3faf0c506b44d848b96be,"""共 工"""
共工,8,GCI-HOLD-0003,02汉书.txt,1476,line,06421b84de18d0f6ece5f02d8ab7518dc96ae24f,"""共 工"""
共工,9,GCI-HOLD-0003,02汉书.txt,1477,line,5d31f94c80742f1e3fb20a915fabba4b6c49e753,"""共 工"""
共工,10,GCI-HOLD-0003,02汉书.txt,1478,line,71aec76a55f85090691a962c1f8b5856c314e972,"""共 工"""
共工,11,GCI-HOLD-0003,02汉书.txt,1615,line,9f61a10646b612304a8c70d3e2d1734e9b626f79,"""共 工"""
共工,12,GCI-HOLD-0003,02汉书.txt,1752,line,0da0e05a823ad188bc31b0bb32048fb965472b9a,"""共 工"""
共工,13,GCI-HOLD-0003,02汉书.txt,1879,line,28fd88d638229af9601ae1ab02bd0c3c47d06345,"""共 工"""
共工,14,GCI-HOLD-0003,02汉书.txt,3569,line,e901c9a168ba915c8864243a6b25dbb15c5d796e,"""共 工"""
共工,15,GCI-HOLD-0003,02汉书.txt,5362,line,525aebad0f932635f88bb4c43792727dddddde16,"""共 工"""
共工,16,GCI-HOLD-0003,02汉书.txt,5386,line,93da016e9945f7ebf031344a1bd1834749f23e19,"""共 工"""
共工,17,GCI-HOLD-0003,02汉书.txt,6626,line,237718b038883b84ae7127892ce1eb4eace41373,"""共 工"""
共工,18,GCI-HOLD-0003,03后汉书.txt,2754,line,a1b9961351761bc5da36bfeddb5081cbe298043a,"""共 工"""
共工,19,GCI-HOLD-0003,03后汉书.txt,4266,line,85a4e88d728ff4df93f08d70c75463ed223c1a7d,"""共 工"""
共工,20,GCI-HOLD-0003,03后汉书.txt,4507,line,4edfcbf5569b398fe6c4df2951bf00bbe4965af8,"""共 工"""
共工,21,GCI-HOLD-0003,03后汉书.txt,7051,line,e34602fc3bdde46882df7fe7adb06e206870d64c,"""共 工"""
共工,22,GCI-HOLD-0003,04三国志.txt,1608,line,a7078aded01111a0895103b43c5843b1a47a4432,"""共 工"""
共工,23,GCI-HOLD-0003,05晋书.txt,411,line,feae3f6dd4a0a12ed1052e2564649e83af69f616,"""共 工"""
共工,24,GCI-HOLD-0003,05晋书.txt,6389,line,5ea11db72fbf21b4a76c426ed730030ad3af6805,"""共 工"""
共工,25,GCI-HOLD-0003,05晋书.txt,6394,line,facd4e2683b061b06b7c4a6491134d04436c04c4,"""共 工"""
帝鸿,1,GCI-HOLD-0003,01史记.txt,25,line,f7d4890d7b9abaa812103603f70f9a34539d24ba,"""帝 鸿"""
帝鸿,2,GCI-HOLD-0003,02汉书.txt,1239,line,8855085a441d40f4fb582f341998d2aa61a868ab,"""帝 鸿"""
帝鸿,3,GCI-HOLD-0003,02汉书.txt,1639,line,0a635720de4d4d943eea85cce86f57934f13b42d,"""帝 鸿"""
帝鸿,4,GCI-HOLD-0003,02汉书.txt,2084,line,583937104cbc19db1b1b844bd39a497c8a6021b3,"""帝 鸿"""
帝鸿,5,GCI-HOLD-0003,02汉书.txt,2124,line,6ec6d8e6fcf323c04641d1dba976edd784302cb5,"""帝 鸿"""
帝鸿,6,GCI-HOLD-0003,02汉书.txt,2251,line,41f563a094f793fc8c8381fa66b67ff52f5efe8c,"""帝 鸿"""
帝鸿,7,GCI-HOLD-0003,02汉书.txt,2525,line,1eb8e0d6d917c6c4dedc62a280cb2ca741c014be,"""帝 鸿"""
帝鸿,8,GCI-HOLD-0003,02汉书.txt,4309,line,ca23ac746db1707891cc2f9cdf6918d4f1ce2d03,"""帝 鸿"""
帝鸿,9,GCI-HOLD-0003,05晋书.txt,7551,line,2203c4f53a31e01ccb3958d9beedbf2844337778,"""帝 鸿"""
帝鸿,10,GCI-HOLD-0003,06宋书.txt,2106,line,b87be17d026c5bff03b189ee0e644010cc1828eb,"""帝 鸿"""
帝鸿,11,GCI-HOLD-0003,18旧五代史.txt,2974,line,5800247ecd8449e78f6fcac9dfb4843bb044d98d,"""帝 鸿"""
帝鸿,12,GCI-HOLD-0003,20宋史.txt,43945,line,ebc12290b8259d723554fcd46481cd6b7c5336ca,"""帝 鸿"""
少昊,1,GCI-HOLD-0003,01史记.txt,1510,line,c7465bce54bbe8a54111bced941b0cb43322e2f7,"""少 昊"""
少昊,2,GCI-HOLD-0003,02汉书.txt,1220,line,c891a1cdc1d59c70a249ae2e1ee40ebf48827440,"""少 昊"""
少昊,3,GCI-HOLD-0003,02汉书.txt,1476,line,06421b84de18d0f6ece5f02d8ab7518dc96ae24f,"""少 昊"""
少昊,4,GCI-HOLD-0003,02汉书.txt,1480,line,38bb151f7f1579901bc0431f68f50e77e9fbd4f6,"""少 昊"""
少昊,5,GCI-HOLD-0003,02汉书.txt,1481,line,38dec55406f0bcfd5f70de467b7136c7e869185c,"""少 昊"""
少昊,6,GCI-HOLD-0003,02汉书.txt,1751,line,c6673a21c382d3e2a1c22a458e843648415a405c,"""少 昊"""
少昊,7,GCI-HOLD-0003,02汉书.txt,1756,line,fcaf695a01fe7a04acb011c1524120b482618e1d,"""少 昊"""
少昊,8,GCI-HOLD-0003,02汉书.txt,2522,line,3eb852925743cef878e1c5d4384137c24652b852,"""少 昊"""
少昊,9,GCI-HOLD-0003,02汉书.txt,2582,line,1a894268b3a52fb151a11f827d3c2d490b9b2ea6,"""少 昊"""
少昊,10,GCI-HOLD-0003,02汉书.txt,2630,line,f96673a20d7bc33e2bc3f113dfcafaf4309137bc,"""少 昊"""
少昊,11,GCI-HOLD-0003,02汉书.txt,2636,line,14c90f48987bf7204b261acf162faa8523eb5378,"""少 昊"""
少昊,12,GCI-HOLD-0003,02汉书.txt,5242,line,1aa1cfaeac5bb1b1cbed3e7d987a255e152497f1,"""少 昊"""
少昊,13,GCI-HOLD-0003,02汉书.txt,6629,line,7b8f9c6e8b195c0312b2c465258e8e2074381062,"""少 昊"""
少昊,14,GCI-HOLD-0003,03后汉书.txt,3302,line,0e15f13975d098f8969982dd730783ffad6b089e,"""少 昊"""
少昊,15,GCI-HOLD-0003,03后汉书.txt,6055,line,6143299d1a0edb176b618799d0c1953023d8fd97,"""少 昊"""
少昊,16,GCI-HOLD-0003,05晋书.txt,809,line,5b67887124d747827a984ea2012ca4148d332097,"""少 昊"""
少昊,17,GCI-HOLD-0003,05晋书.txt,1303,line,80addc1328e88a87d79e6b2f64c4a36cef5b21ec,"""少 昊"""
少昊,18,GCI-HOLD-0003,05晋书.txt,1645,line,69c33d8cb372bc76f0419a60d5dabba847d75edb,"""少 昊"""
少昊,19,GCI-HOLD-0003,05晋书.txt,1970,line,738426bda22bac8ecc3995c505eb814e0aae0dbc,"""少 昊"""
少昊,20,GCI-HOLD-0003,05晋书.txt,2379,line,3a470ac04691075991a59526e71564291cd2137c,"""少 昊"""
少昊,21,GCI-HOLD-0003,06宋书.txt,283,line,8ae185bc62f206ac2547e5a17e627d60778e7bea,"""少 昊"""
少昊,22,GCI-HOLD-0003,06宋书.txt,291,line,ce8db32719a44469ac2cdfbddee46f70e196ec53,"""少 昊"""
少昊,23,GCI-HOLD-0003,06宋书.txt,725,line,c2b3f85a937e3882048604ea0cb57f66ef02ae09,"""少 昊"""
少昊,24,GCI-HOLD-0003,06宋书.txt,727,line,b574b7ad7992914520f7217fb50acccce6658993,"""少 昊"""
少昊,25,GCI-HOLD-0003,06宋书.txt,2037,line,41c601535f678d380015c1401311e4873848c2cc,"""少 昊"""
太昊,1,GCI-HOLD-0003,02汉书.txt,1476,line,06421b84de18d0f6ece5f02d8ab7518dc96ae24f,"""太 昊"""
太昊,2,GCI-HOLD-0003,02汉书.txt,1477,line,5d31f94c80742f1e3fb20a915fabba4b6c49e753,"""太 昊"""
太昊,3,GCI-HOLD-0003,02汉书.txt,1876,line,4ca245b156e38f66e71676ef4946f93348d37c0b,"""太 昊"""
太昊,4,GCI-HOLD-0003,02汉书.txt,2433,line,891e8544b0bc1e67c3582b8f016587a818e37e2d,"""太 昊"""
太昊,5,GCI-HOLD-0003,02汉书.txt,2485,line,5720ff2b108b78f56be45e85dfa73347c0667c63,"""太 昊"""
太昊,6,GCI-HOLD-0003,02汉书.txt,2489,line,649e74359e0fdda9a6d0d625eca0733420f7e04d,"""太 昊"""
太昊,7,GCI-HOLD-0003,02汉书.txt,2585,line,d0944269f480146a7a15ce58ebcdf4471daaf5c1,"""太 昊"""
太昊,8,GCI-HOLD-0003,02汉书.txt,2613,line,4159ed323cf80ab1112dfa76018a89e6b526e638,"""太 昊"""
太昊,9,GCI-HOLD-0003,02汉书.txt,5242,line,1aa1cfaeac5bb1b1cbed3e7d987a255e152497f1,"""太 昊"""
太昊,10,GCI-HOLD-0003,05晋书.txt,811,line,1b04f0566e9b729cb27809cddfe83aff95fe2920,"""太 昊"""
太昊,11,GCI-HOLD-0003,05晋书.txt,963,line,287692568ab8a9da435e357605426f4875c96890,"""太 昊"""
太昊,12,GCI-HOLD-0003,05晋书.txt,1970,line,738426bda22bac8ecc3995c505eb814e0aae0dbc,"""太 昊"""
太昊,13,GCI-HOLD-0003,05晋书.txt,4593,line,a8c57287940c7d34e8f190e342a315834aa4cc67,"""太 昊"""
太昊,14,GCI-HOLD-0003,06宋书.txt,2035,line,9f3255d1d4a2d2c8d921251b46ae8471eac09edd,"""太 昊"""
太昊,15,GCI-HOLD-0003,10魏书.txt,3680,line,4f7a505fb5dc8c31e9e78ce42421972bb5e71c03,"""太 昊"""
太昊,16,GCI-HOLD-0003,13隋书.txt,131,line,de63835840f24729296a21a8363598aff078d738,"""太 昊"""
太昊,17,GCI-HOLD-0003,13隋书.txt,166,line,cf890679c39b5fd4490b9bd73829d6f558ea655f,"""太 昊"""
太昊,18,GCI-HOLD-0003,13隋书.txt,7078,line,e15b5117247613c2a5a8dc495ff6f7a288ffecc4,"""太 昊"""
太昊,19,GCI-HOLD-0003,14北史.txt,3250,line,d6262e36d6b1a4dabb1a64a41b0eb66a0563eff8,"""太 昊"""
太昊,20,GCI-HOLD-0003,14北史.txt,5375,line,906be4897e3eded7ec1b175b22852b910b85979f,"""太 昊"""
太昊,21,GCI-HOLD-0003,16旧唐书.txt,1682,line,82e9ddfcb19218d783c870889b06ed46b2215673,"""太 昊"""
太昊,22,GCI-HOLD-0003,16旧唐书.txt,1747,line,85edc43e2b6ce889e66733b8f1a09b6bffb9c26f,"""太 昊"""
太昊,23,GCI-HOLD-0003,16旧唐书.txt,2093,line,9326b9b8dee37268ec964068d536aa15cabde7a7,"""太 昊"""
太昊,24,GCI-HOLD-0003,16旧唐书.txt,3448,line,014583ab67fdcc0400f38e2d0ad6cba27ad6d2ef,"""太 昊"""
太昊,25,GCI-HOLD-0003,16旧唐书.txt,6160,line,2910b7e16bda6f83ff5b2c6c022b2ef53985f386,"""太 昊"""
颛顼,1,GCI-HOLD-0003,01史记.txt,7,line,e06933324cd51db8702490660af1c81c782f9697,"""颛 顼"""
颛顼,2,GCI-HOLD-0003,01史记.txt,8,line,91e42db7d7c9325e5f091a23a968b54187410e54,"""颛 顼"""
颛顼,3,GCI-HOLD-0003,01史记.txt,9,line,b894b45ff31ab7b37d05c1c0816766dafeaac599,"""颛 顼"""
颛顼,4,GCI-HOLD-0003,01史记.txt,10,line,f2d7f1bb7cacdd4053c1edca71ddafc0aff9b2cf,"""颛 顼"""
颛顼,5,GCI-HOLD-0003,01史记.txt,20,line,3b6789c8a76362189f3cc1b512b7f7a4d10a9aa5,"""颛 顼"""
颛顼,6,GCI-HOLD-0003,01史记.txt,25,line,f7d4890d7b9abaa812103603f70f9a34539d24ba,"""颛 顼"""
颛顼,7,GCI-HOLD-0003,01史记.txt,29,line,ba802375312e88fad6e760f7c259a320d54f9c16,"""颛 顼"""
颛顼,8,GCI-HOLD-0003,01史记.txt,33,line,9d964aead303fba8b2d5bf3d834c873a3f4f9ba9,"""颛 顼"""
颛顼,9,GCI-HOLD-0003,01史记.txt,188,line,bbc3e0f7480e6c54c57b6909389648d229581632,"""颛 顼"""
颛顼,10,GCI-HOLD-0003,01史记.txt,817,line,f8a7b58cbe6902fa7b9e504052e213c8fed2afad,"""颛 顼"""
颛顼,11,GCI-HOLD-0003,01史记.txt,840,line,8bbaf5d588881a754504efe3daaed72b361e470b,"""颛 顼"""
颛顼,12,GCI-HOLD-0003,01史记.txt,1221,line,b13e8a3caa569dd268541610db73fd123341fce1,"""颛 顼"""
颛顼,13,GCI-HOLD-0003,01史记.txt,1693,line,3af1aeafd6fc8e947dfba1752588f26667f67bdb,"""颛 顼"""
颛顼,14,GCI-HOLD-0003,01史记.txt,1964,line,b3cc8466634e45f7e70d0af66b393ed32b49e70b,"""颛 顼"""
颛顼,15,GCI-HOLD-0003,01史记.txt,3926,line,a1ee06259dab1aa0f3ec145a032bc63fd893ee82,"""颛 顼"""
颛顼,16,GCI-HOLD-0003,01史记.txt,4914,line,421612ea330ba375a44a8a443280a3baec6aa508,"""颛 顼"""
颛顼,17,GCI-HOLD-0003,02汉书.txt,1220,line,c891a1cdc1d59c70a249ae2e1ee40ebf48827440,"""颛 顼"""
颛顼,18,GCI-HOLD-0003,02汉书.txt,1283,line,bf9472c14dca7f3ed7ab35439c15b1593c7ea175,"""颛 顼"""
颛顼,19,GCI-HOLD-0003,02汉书.txt,1284,line,8027662aaa8a54b8ae016e6956b297dc837b03ae,"""颛 顼"""
颛顼,20,GCI-HOLD-0003,02汉书.txt,1481,line,38dec55406f0bcfd5f70de467b7136c7e869185c,"""颛 顼"""
颛顼,21,GCI-HOLD-0003,02汉书.txt,1482,line,d47625a381eb3778def433e29186125ea60b61ad,"""颛 顼"""
颛顼,22,GCI-HOLD-0003,02汉书.txt,1484,line,5cf99c2d173d27cb2dac2ecaddb85a101e68548d,"""颛 顼"""
颛顼,23,GCI-HOLD-0003,02汉书.txt,1485,line,7654b10d83b9b4911972d50bdff994be5aba522e,"""颛 顼"""
颛顼,24,GCI-HOLD-0003,02汉书.txt,1510,line,0e7e693e061c85614013e5218250ae832888dcfb,"""颛 顼"""
颛顼,25,GCI-HOLD-0003,02汉书.txt,1542,line,b402eac1579a2eacce5b6252bbe72e72afec3a73,"""颛 顼"""
九黎,1,GCI-HOLD-0003,01史记.txt,840,line,8bbaf5d588881a754504efe3daaed72b361e470b,"""九 黎"""
九黎,2,GCI-HOLD-0003,01史记.txt,841,line,f9dad2d571adb0c97aef07d61228ad0203a6204a,"""九 黎"""
九黎,3,GCI-HOLD-0003,02汉书.txt,1481,line,38dec55406f0bcfd5f70de467b7136c7e869185c,"""九 黎"""
九黎,4,GCI-HOLD-0003,02汉书.txt,1751,line,c6673a21c382d3e2a1c22a458e843648415a405c,"""九 黎"""
九黎,5,GCI-HOLD-0003,04三国志.txt,1601,line,ca468f5b6fd2b9b8420d4a7d0fd412208c170183,"""九 黎"""
九黎,6,GCI-HOLD-0003,08梁书.txt,1730,line,07bf68ccba770cd6dff5b049629277ce8b228d70,"""九 黎"""
九黎,7,GCI-HOLD-0003,09陈书.txt,982,line,b8dac40cac6b54ced7dcfabe669f737a88cd4db1,"""九 黎"""
九黎,8,GCI-HOLD-0003,17新唐书.txt,1204,line,cd9922a1b3ff4c7bda5de8b7a0bc08a570e8bbe2,"""九 黎"""
九黎,9,GCI-HOLD-0003,17新唐书.txt,11095,line,8c5a8b68ef27b66e7288faa4264a694444f3d841,"""九 黎"""
九黎,10,GCI-HOLD-0003,20宋史.txt,45334,line,3d589af7e9e8c9b9b309abafaf5a5dd55c5678bf,"""九 黎"""
